-- phpMyAdmin SQL Dump
-- version 4.6.5.2
-- https://www.phpmyadmin.net/
--
-- Host: 127.0.0.1
-- Generation Time: Jan 11, 2018 at 10:24 PM
-- Server version: 10.1.21-MariaDB
-- PHP Version: 5.6.30

SET SQL_MODE = "NO_AUTO_VALUE_ON_ZERO";
SET time_zone = "+00:00";


/*!40101 SET @OLD_CHARACTER_SET_CLIENT=@@CHARACTER_SET_CLIENT */;
/*!40101 SET @OLD_CHARACTER_SET_RESULTS=@@CHARACTER_SET_RESULTS */;
/*!40101 SET @OLD_COLLATION_CONNECTION=@@COLLATION_CONNECTION */;
/*!40101 SET NAMES utf8mb4 */;

--
-- Database: `diplwmatikidata`
--

-- --------------------------------------------------------

--
-- Table structure for table `sensor1`
--

CREATE TABLE `sensor1` (
  `time` int(10) UNSIGNED NOT NULL,
  `temperature` float(10,2) DEFAULT NULL
) ENGINE=InnoDB DEFAULT CHARSET=latin1;

--
-- Dumping data for table `sensor1`
--

INSERT INTO `sensor1` (`time`, `temperature`) VALUES
(1514028000, 8.00),
(1514029800, 8.50),
(1514031600, 8.00),
(1514033400, 8.50),
(1514035200, 8.50),
(1514037000, 9.00),
(1514038800, 8.50),
(1514040600, 8.50),
(1514042400, 8.00),
(1514044200, 7.50),
(1514362800, 12.40),
(1514364600, 14.50),
(1514366400, 14.50),
(1514368200, 15.50),
(1514370000, 15.50),
(1514371800, 15.50),
(1514373600, 16.00),
(1514375400, 16.00),
(1514377200, 16.00),
(1514379000, 16.00),
(1514380800, 15.50),
(1514382600, 15.50),
(1514388000, 14.50),
(1514389800, 13.50),
(1514391600, 13.00),
(1514393400, 12.50),
(1514395200, 12.00),
(1514397000, 11.50),
(1514398800, 10.50),
(1514449200, 15.00),
(1514451000, 15.50),
(1514452800, 15.50),
(1514454600, 14.90),
(1514456400, 15.50),
(1514458200, 16.00),
(1514460000, 16.00),
(1514465400, 14.90),
(1514467200, 14.50),
(1514472600, 15.50),
(1514473530, 14.30),
(1514474400, 15.00),
(1514476200, 15.50),
(1514478000, 14.50),
(1514479800, 14.50),
(1514481600, 14.50),
(1514546400, 15.50),
(1514548200, 15.50),
(1514550000, 16.00),
(1514551800, 15.50),
(1514553600, 16.00),
(1514555400, 15.00),
(1514557200, 15.00),
(1514559000, 14.00),
(1514560800, 13.00),
(1514710200, 12.00),
(1514712000, 12.50),
(1514713800, 13.00),
(1514715600, 13.00),
(1514717400, 13.00),
(1514719200, 13.00),
(1514721000, 13.50),
(1514722800, 13.50),
(1514724600, 13.50),
(1514879400, 14.50),
(1514881200, 14.90),
(1514883000, 15.00),
(1514884800, 15.50),
(1514886600, 16.00),
(1514888400, 16.50),
(1514890200, 16.50),
(1514892000, 16.50),
(1514893800, 17.00),
(1514895600, 17.50),
(1514897400, 17.50),
(1514904600, 15.00),
(1514919000, 10.00),
(1514920800, 11.00),
(1514922600, 10.50),
(1514924400, 11.00),
(1514926200, 11.50),
(1514965800, 10.50),
(1514967600, 11.40),
(1514969400, 13.00),
(1515590400, 13.50),
(1515592200, 13.50),
(1515594000, 13.50),
(1515595800, 13.00),
(1515597600, 12.50),
(1515599400, 12.50),
(1515601200, 12.50),
(1515603000, 12.00),
(1515604800, 12.50),
(1515606600, 12.50),
(1515608400, 11.90),
(1515610200, 11.00),
(1515612000, 10.00),
(1515613800, 10.50),
(1515615600, 10.00),
(1515653400, 9.50),
(1515655200, 10.50),
(1515657000, 11.50),
(1515658800, 12.00),
(1515660600, 13.00),
(1515662400, 13.50),
(1515664200, 14.50),
(1515666000, 15.00),
(1515667800, 15.00),
(1515669600, 14.50),
(1515671400, 15.50),
(1515673200, 15.50),
(1515675000, 14.50),
(1515696600, 11.50),
(1515698400, 11.40),
(1515700200, 11.50),
(1515703800, 11.50);

-- --------------------------------------------------------

--
-- Table structure for table `sensor2`
--

CREATE TABLE `sensor2` (
  `time` int(10) UNSIGNED NOT NULL,
  `humidity` tinyint(3) UNSIGNED DEFAULT NULL
) ENGINE=InnoDB DEFAULT CHARSET=latin1;

--
-- Dumping data for table `sensor2`
--

INSERT INTO `sensor2` (`time`, `humidity`) VALUES
(1514028000, 70),
(1514029800, 61),
(1514031600, 61),
(1514033400, 57),
(1514035200, 57),
(1514037000, 57),
(1514038800, 61),
(1514040600, 61),
(1514042400, 100),
(1514044200, 65),
(1514362800, 76),
(1514364600, 71),
(1514366400, 71),
(1514368200, 72),
(1514370000, 72),
(1514371800, 72),
(1514373600, 67),
(1514375400, 67),
(1514377200, 67),
(1514379000, 63),
(1514380800, 63),
(1514382600, 67),
(1514388000, 72),
(1514389800, 82),
(1514391600, 81),
(1514393400, 87),
(1514395200, 87),
(1514397000, 87),
(1514398800, 93),
(1514449200, 72),
(1514451000, 72),
(1514452800, 67),
(1514454600, 72),
(1514456400, 63),
(1514458200, 67),
(1514460000, 67),
(1514465400, 72),
(1514467200, 77),
(1514472600, 67),
(1514473530, 93),
(1514474400, 77),
(1514476200, 72),
(1514478000, 77),
(1514479800, 82),
(1514481600, 77),
(1514546400, 62),
(1514548200, 55),
(1514550000, 55),
(1514551800, 55),
(1514553600, 55),
(1514555400, 62),
(1514557200, 62),
(1514559000, 67),
(1514560800, 71),
(1514710200, 46),
(1514712000, 46),
(1514713800, 37),
(1514715600, 88),
(1514717400, 43),
(1514719200, 88),
(1514721000, 88),
(1514722800, 88),
(1514724600, 88),
(1514879400, 67),
(1514881200, 59),
(1514883000, 58),
(1514884800, 55),
(1514886600, 51),
(1514888400, 48),
(1514890200, 45),
(1514892000, 48),
(1514893800, 45),
(1514895600, 42),
(1514897400, 45),
(1514904600, 54),
(1514919000, 81),
(1514920800, 76),
(1514922600, 81),
(1514924400, 81),
(1514926200, 76),
(1514965800, 76),
(1514967600, 66),
(1514969400, 66),
(1515590400, 76),
(1515592200, 76),
(1515594000, 71),
(1515595800, 82),
(1515597600, 82),
(1515599400, 76),
(1515601200, 76),
(1515603000, 76),
(1515604800, 71),
(1515606600, 71),
(1515608400, 76),
(1515610200, 81),
(1515612000, 87),
(1515613800, 87),
(1515615600, 93),
(1515653400, 100),
(1515655200, 100),
(1515657000, 87),
(1515658800, 87),
(1515660600, 82),
(1515662400, 76),
(1515664200, 72),
(1515666000, 67),
(1515667800, 72),
(1515669600, 72),
(1515671400, 67),
(1515673200, 67),
(1515675000, 72),
(1515696600, 100),
(1515698400, 100),
(1515700200, 93),
(1515703800, 93);

-- --------------------------------------------------------

--
-- Table structure for table `sensor3`
--

CREATE TABLE `sensor3` (
  `time` int(10) UNSIGNED NOT NULL,
  `pressure` smallint(5) UNSIGNED DEFAULT NULL
) ENGINE=InnoDB DEFAULT CHARSET=latin1;

--
-- Dumping data for table `sensor3`
--

INSERT INTO `sensor3` (`time`, `pressure`) VALUES
(1514028000, 1019),
(1514029800, 1019),
(1514031600, 1019),
(1514033400, 1019),
(1514035200, 1019),
(1514037000, 1020),
(1514038800, 1020),
(1514040600, 1020),
(1514042400, 1020),
(1514044200, 1021),
(1514362800, 1019),
(1514364600, 1018),
(1514366400, 1018),
(1514368200, 1018),
(1514370000, 1017),
(1514371800, 1017),
(1514373600, 1016),
(1514375400, 1015),
(1514377200, 1015),
(1514379000, 1015),
(1514380800, 1015),
(1514382600, 1014),
(1514388000, 1014),
(1514389800, 1014),
(1514391600, 1014),
(1514393400, 1014),
(1514395200, 1014),
(1514397000, 1014),
(1514398800, 1014),
(1514449200, 1009),
(1514451000, 1009),
(1514452800, 1008),
(1514454600, 1008),
(1514456400, 1008),
(1514458200, 1007),
(1514460000, 1007),
(1514465400, 1006),
(1514467200, 1006),
(1514472600, 1006),
(1514473530, 1014),
(1514474400, 1006),
(1514476200, 1005),
(1514478000, 1006),
(1514479800, 1006),
(1514481600, 1006),
(1514546400, 1007),
(1514548200, 1007),
(1514550000, 1007),
(1514551800, 1007),
(1514553600, 1006),
(1514555400, 1007),
(1514557200, 1007),
(1514559000, 1007),
(1514560800, 1007),
(1514710200, 1020),
(1514712000, 1020),
(1514713800, 1020),
(1514715600, 1020),
(1514717400, 1020),
(1514719200, 1019),
(1514721000, 1019),
(1514722800, 1019),
(1514724600, 1019),
(1514879400, 1011),
(1514881200, 1011),
(1514883000, 1011),
(1514884800, 1010),
(1514886600, 1010),
(1514888400, 1010),
(1514890200, 1010),
(1514892000, 1010),
(1514893800, 1009),
(1514895600, 1009),
(1514897400, 1009),
(1514904600, 1008),
(1514919000, 1007),
(1514920800, 1007),
(1514922600, 1007),
(1514924400, 1007),
(1514926200, 1007),
(1514965800, 1009),
(1514967600, 1009),
(1514969400, 1010),
(1515590400, 1017),
(1515592200, 1017),
(1515594000, 1017),
(1515595800, 1016),
(1515597600, 1016),
(1515599400, 1016),
(1515601200, 1016),
(1515603000, 1015),
(1515604800, 1016),
(1515606600, 1015),
(1515608400, 1015),
(1515610200, 1014),
(1515612000, 1014),
(1515613800, 1014),
(1515615600, 1014),
(1515653400, 1010),
(1515655200, 1011),
(1515657000, 1011),
(1515658800, 1011),
(1515660600, 1011),
(1515662400, 1011),
(1515664200, 1011),
(1515666000, 1011),
(1515667800, 1010),
(1515669600, 1010),
(1515671400, 1009),
(1515673200, 1009),
(1515675000, 1009),
(1515696600, 1012),
(1515698400, 1012),
(1515700200, 1012),
(1515703800, 1012);

-- --------------------------------------------------------

--
-- Table structure for table `sensor4`
--

CREATE TABLE `sensor4` (
  `time` int(10) UNSIGNED NOT NULL,
  `visibility` smallint(5) UNSIGNED DEFAULT NULL
) ENGINE=InnoDB DEFAULT CHARSET=latin1;

--
-- Dumping data for table `sensor4`
--

INSERT INTO `sensor4` (`time`, `visibility`) VALUES
(1514028000, 10000),
(1514029800, 10000),
(1514031600, 10000),
(1514033400, 10000),
(1514035200, 10000),
(1514037000, 10000),
(1514038800, 10000),
(1514040600, 10000),
(1514042400, 10000),
(1514044200, 10000),
(1514362800, 10000),
(1514364600, 10000),
(1514366400, 10000),
(1514368200, 10000),
(1514370000, 10000),
(1514371800, 10000),
(1514373600, 10000),
(1514375400, 10000),
(1514377200, 10000),
(1514379000, 10000),
(1514380800, 10000),
(1514382600, 10000),
(1514388000, 10000),
(1514389800, 10000),
(1514391600, 10000),
(1514393400, 10000),
(1514395200, 10000),
(1514397000, 10000),
(1514398800, 10000),
(1514449200, 10000),
(1514451000, 10000),
(1514452800, 10000),
(1514454600, 10000),
(1514456400, 10000),
(1514458200, 10000),
(1514460000, 10000),
(1514465400, 10000),
(1514467200, 10000),
(1514472600, 10000),
(1514474400, 10000),
(1514476200, 10000),
(1514478000, 10000),
(1514479800, 9000),
(1514481600, 9000),
(1514546400, 10000),
(1514548200, 10000),
(1514550000, 10000),
(1514551800, 10000),
(1514553600, 10000),
(1514555400, 10000),
(1514557200, 10000),
(1514559000, 10000),
(1514560800, 10000),
(1514710200, 10000),
(1514712000, 10000),
(1514713800, 10000),
(1514715600, 10000),
(1514717400, 10000),
(1514719200, 10000),
(1514721000, 10000),
(1514722800, 10000),
(1514724600, 10000),
(1514879400, 10000),
(1514881200, 10000),
(1514883000, 10000),
(1514884800, 10000),
(1514886600, 10000),
(1514888400, 10000),
(1514890200, 10000),
(1514892000, 10000),
(1514893800, 10000),
(1514895600, 10000),
(1514897400, 10000),
(1514904600, 10000),
(1514919000, 10000),
(1514920800, 10000),
(1514922600, 10000),
(1514924400, 10000),
(1514926200, 10000),
(1514965800, 10000),
(1514967600, 10000),
(1514969400, 10000),
(1515590400, 9000),
(1515592200, 9000),
(1515594000, 9000),
(1515595800, 9000),
(1515597600, 9000),
(1515599400, 9000),
(1515601200, 9000),
(1515603000, 9000),
(1515604800, 10000),
(1515606600, 9000),
(1515608400, 9000),
(1515610200, 9000),
(1515612000, 9000),
(1515613800, 9000),
(1515615600, 9000),
(1515653400, 7000),
(1515655200, 6000),
(1515657000, 6000),
(1515658800, 6000),
(1515660600, 8000),
(1515662400, 8000),
(1515664200, 9000),
(1515666000, 10000),
(1515667800, 9000),
(1515669600, 9000),
(1515671400, 9000),
(1515673200, 9000),
(1515675000, 9000),
(1515696600, 4000),
(1515698400, 4000),
(1515700200, 5000),
(1515703800, 5000);

-- --------------------------------------------------------

--
-- Table structure for table `sensor5`
--

CREATE TABLE `sensor5` (
  `time` int(10) UNSIGNED NOT NULL,
  `speed` float(10,2) UNSIGNED DEFAULT NULL,
  `direction` smallint(5) UNSIGNED DEFAULT NULL
) ENGINE=InnoDB DEFAULT CHARSET=latin1;

--
-- Dumping data for table `sensor5`
--

INSERT INTO `sensor5` (`time`, `speed`, `direction`) VALUES
(1514028000, 3.60, 350),
(1514029800, 4.10, 330),
(1514031600, 4.10, 340),
(1514033400, 5.10, 340),
(1514035200, 5.70, 340),
(1514037000, 6.20, 330),
(1514038800, 5.10, 330),
(1514040600, 4.60, 340),
(1514042400, 4.60, 320),
(1514044200, 5.70, 320),
(1514364600, 2.86, 230),
(1514366400, 2.86, 230),
(1514382600, 6.08, 206),
(1514388000, 6.08, 206),
(1514389800, 6.08, 206),
(1514391600, 6.46, 206),
(1514393400, 6.46, 206),
(1514395200, 6.46, 206),
(1514397000, 6.46, 206),
(1514398800, 6.46, 206),
(1514449200, 2.10, 170),
(1514451000, 2.60, 180),
(1514452800, 3.60, 180),
(1514454600, 3.10, 180),
(1514456400, 4.60, 200),
(1514458200, 3.60, 180),
(1514460000, 3.60, 180),
(1514465400, 5.10, 170),
(1514467200, 3.60, 170),
(1514472600, 3.60, 170),
(1514473530, 13.16, 194),
(1514474400, 3.60, 170),
(1514476200, 4.10, 170),
(1514478000, 3.10, 170),
(1514479800, 4.60, 170),
(1514481600, 4.10, 170),
(1514548200, 2.10, 220),
(1514550000, 4.60, 210),
(1514551800, 3.60, 200),
(1514553600, 3.10, 210),
(1514555400, 2.10, 200),
(1514560800, 6.17, 248),
(1514710200, 5.10, 310),
(1514712000, 5.10, 310),
(1514713800, 4.10, 310),
(1514715600, 4.10, 330),
(1514717400, 5.10, 320),
(1514719200, 5.10, 320),
(1514721000, 6.20, 320),
(1514722800, 5.10, 320),
(1514724600, 5.10, 310),
(1514879400, 4.10, 290),
(1514881200, 4.10, 300),
(1514883000, 4.60, 270),
(1514884800, 5.10, 260),
(1514886600, 4.60, 270),
(1514888400, 4.60, 270),
(1514890200, 5.10, 260),
(1514892000, 4.60, 270),
(1514893800, 4.60, 250),
(1514895600, 4.60, 250),
(1514897400, 4.60, 240),
(1514904600, 2.60, 240),
(1514965800, 3.10, 330),
(1514967600, 4.10, 340),
(1514969400, 4.10, 340),
(1515590400, 2.60, 190),
(1515592200, 2.60, 200),
(1515595800, 2.40, 68),
(1515597600, 2.40, 68),
(1515604800, 2.66, 63),
(1515606600, 2.66, 63),
(1515608400, 2.66, 63),
(1515610200, 3.10, 340),
(1515612000, 3.10, 320),
(1515613800, 2.76, 59),
(1515615600, 2.60, 320),
(1515653400, 2.51, 3),
(1515655200, 2.66, 359),
(1515657000, 1.10, 12),
(1515658800, 1.10, 12),
(1515660600, 1.10, 12),
(1515662400, 1.10, 12),
(1515664200, 1.10, 12),
(1515667800, 1.16, 158),
(1515669600, 1.16, 158),
(1515671400, 1.16, 158),
(1515673200, 1.16, 158),
(1515675000, 1.16, 158),
(1515696600, 2.46, 249),
(1515698400, 4.57, 261),
(1515700200, 4.57, 261),
(1515703800, 4.57, 261);

-- --------------------------------------------------------

--
-- Table structure for table `sensor6`
--

CREATE TABLE `sensor6` (
  `time` int(10) UNSIGNED NOT NULL,
  `cloudCoverage` tinyint(3) UNSIGNED DEFAULT NULL
) ENGINE=InnoDB DEFAULT CHARSET=latin1;

--
-- Dumping data for table `sensor6`
--

INSERT INTO `sensor6` (`time`, `cloudCoverage`) VALUES
(1514028000, 75),
(1514029800, 75),
(1514031600, 75),
(1514033400, 40),
(1514035200, 40),
(1514037000, 40),
(1514038800, 40),
(1514040600, 40),
(1514042400, 40),
(1514044200, 40),
(1514362800, 20),
(1514364600, 20),
(1514366400, 20),
(1514368200, 40),
(1514370000, 40),
(1514371800, 40),
(1514373600, 40),
(1514375400, 40),
(1514377200, 40),
(1514379000, 75),
(1514380800, 75),
(1514382600, 75),
(1514388000, 75),
(1514389800, 40),
(1514391600, 40),
(1514393400, 40),
(1514395200, 40),
(1514397000, 40),
(1514398800, 40),
(1514449200, 40),
(1514451000, 40),
(1514452800, 40),
(1514454600, 40),
(1514456400, 75),
(1514458200, 75),
(1514460000, 75),
(1514465400, 75),
(1514467200, 75),
(1514472600, 75),
(1514473530, 92),
(1514474400, 75),
(1514476200, 75),
(1514478000, 75),
(1514479800, 75),
(1514481600, 75),
(1514546400, 20),
(1514548200, 20),
(1514550000, 40),
(1514551800, 40),
(1514553600, 40),
(1514555400, 40),
(1514557200, 40),
(1514559000, 40),
(1514560800, 40),
(1514879400, 40),
(1514881200, 40),
(1514883000, 40),
(1514884800, 40),
(1514886600, 40),
(1514888400, 20),
(1514890200, 20),
(1514892000, 20),
(1514893800, 20),
(1514895600, 20),
(1514897400, 20),
(1514904600, 20),
(1514919000, 40),
(1514920800, 75),
(1514922600, 75),
(1514924400, 75),
(1514926200, 75),
(1514965800, 75),
(1514967600, 75),
(1514969400, 75),
(1515590400, 40),
(1515592200, 40),
(1515594000, 40),
(1515595800, 75),
(1515597600, 75),
(1515599400, 75),
(1515601200, 75),
(1515603000, 75),
(1515604800, 75),
(1515606600, 75),
(1515608400, 75),
(1515610200, 75),
(1515612000, 40),
(1515613800, 40),
(1515615600, 40),
(1515653400, 40),
(1515655200, 40),
(1515657000, 40),
(1515658800, 40),
(1515660600, 75),
(1515662400, 75),
(1515664200, 75),
(1515666000, 40),
(1515667800, 75),
(1515669600, 75),
(1515671400, 75),
(1515673200, 75),
(1515675000, 75),
(1515696600, 75),
(1515698400, 75),
(1515700200, 75),
(1515703800, 75);

-- --------------------------------------------------------

--
-- Table structure for table `sensor7`
--

CREATE TABLE `sensor7` (
  `time` int(10) UNSIGNED NOT NULL,
  `temperature` float(10,2) DEFAULT NULL
) ENGINE=InnoDB DEFAULT CHARSET=latin1;

--
-- Dumping data for table `sensor7`
--

INSERT INTO `sensor7` (`time`, `temperature`) VALUES
(1514029837, 7.50),
(1514030413, 7.40),
(1514031042, 7.40),
(1514031469, 7.40),
(1514032066, 7.40),
(1514032652, 7.50),
(1514033245, 7.60),
(1514033869, 8.00),
(1514034461, 8.30),
(1514035074, 8.60),
(1514035677, 8.80),
(1514036253, 8.90),
(1514036867, 9.10),
(1514037468, 9.10),
(1514038045, 9.00),
(1514038669, 8.90),
(1514039229, 8.90),
(1514039868, 8.80),
(1514040461, 8.60),
(1514041069, 8.40),
(1514041661, 8.30),
(1514042269, 8.20),
(1514042861, 8.10),
(1514043469, 8.20),
(1514044060, 8.30),
(1514044669, 8.30),
(1514045276, 8.10),
(1514045853, 7.90),
(1514046465, 7.60),
(1514365104, 14.40),
(1514365692, 14.70),
(1514366303, 14.90),
(1514366908, 15.00),
(1514367504, 15.00),
(1514368096, 15.10),
(1514368688, 15.20),
(1514369311, 15.40),
(1514369908, 15.70),
(1514370496, 15.80),
(1514371104, 15.90),
(1514371708, 16.00),
(1514372305, 16.10),
(1514372880, 16.20),
(1514373504, 16.20),
(1514374096, 16.20),
(1514374688, 16.20),
(1514375292, 16.40),
(1514375904, 16.60),
(1514376496, 16.80),
(1514377104, 16.80),
(1514377680, 16.70),
(1514378304, 16.50),
(1514378896, 16.50),
(1514379488, 16.60),
(1514380096, 16.60),
(1514380704, 16.20),
(1514381308, 15.90),
(1514381904, 15.80),
(1514382505, 15.80),
(1514383100, 15.70),
(1514383696, 15.50),
(1514384305, 15.40),
(1514389104, 14.70),
(1514389693, 14.60),
(1514390306, 14.50),
(1514390896, 14.50),
(1514391484, 14.40),
(1514392096, 14.40),
(1514392704, 14.30),
(1514393295, 14.20),
(1514393904, 14.10),
(1514394496, 14.10),
(1514395104, 14.10),
(1514395696, 14.00),
(1514396304, 13.90),
(1514396897, 13.80),
(1514397504, 13.70),
(1514398047, 13.70),
(1514398704, 13.60),
(1514399296, 13.70),
(1514399888, 13.70),
(1514400480, 13.80),
(1514401105, 13.80),
(1514450298, 15.40),
(1514450896, 15.70),
(1514451489, 15.70),
(1514452091, 15.70),
(1514452689, 15.50),
(1514453280, 15.50),
(1514453888, 15.50),
(1514454497, 15.60),
(1514455099, 15.70),
(1514455696, 15.70),
(1514456288, 15.70),
(1514456880, 15.60),
(1514457488, 15.60),
(1514458096, 15.60),
(1514458689, 15.70),
(1514459296, 15.90),
(1514459872, 15.90),
(1514460480, 16.00),
(1514461088, 16.00),
(1514461691, 16.10),
(1514462305, 16.00),
(1514462897, 15.90),
(1514467834, 15.10),
(1514468432, 15.20),
(1514471355, 15.50),
(1514471986, 15.40),
(1514472577, 15.40),
(1514473184, 15.30),
(1514473786, 15.30),
(1514474353, 15.30),
(1514474977, 15.40),
(1514475585, 15.50),
(1514476160, 15.50),
(1514476784, 15.40),
(1514477361, 15.20),
(1514477952, 14.90),
(1514478586, 14.60),
(1514479760, 14.50),
(1514480384, 14.60),
(1514480976, 14.80),
(1514481585, 14.90),
(1514482176, 14.90),
(1514482785, 14.90),
(1514483386, 14.90),
(1514483984, 14.90),
(1514547089, 16.30),
(1514547696, 16.20),
(1514548305, 16.10),
(1514548913, 16.20),
(1514549506, 16.40),
(1514549681, 16.50),
(1514550274, 16.80),
(1514550881, 16.70),
(1514551481, 16.60),
(1514552081, 16.40),
(1514552673, 16.30),
(1514553281, 16.20),
(1514553874, 16.30),
(1514554481, 16.10),
(1514555073, 15.90),
(1514555665, 15.70),
(1514556281, 15.60),
(1514556857, 15.60),
(1514557474, 15.50),
(1514558081, 15.40),
(1514558673, 15.20),
(1514558737, 15.20),
(1514559073, 15.10),
(1514559664, 14.90),
(1514560249, 14.80),
(1514560865, 14.50),
(1514561464, 14.30),
(1514562065, 14.10),
(1514712298, 10.60),
(1514712883, 10.80),
(1514713467, 11.00),
(1514714087, 10.60),
(1514714671, 11.10),
(1514715292, 10.70),
(1514715876, 12.20),
(1514716498, 12.70),
(1514717080, 12.70),
(1514717701, 13.30),
(1514718266, 12.60),
(1514718888, 12.70),
(1514719471, 12.90),
(1514720092, 12.20),
(1514720677, 12.20),
(1514721296, 12.70),
(1514721844, 12.60),
(1514722501, 12.30),
(1514723085, 12.40),
(1514723669, 12.30),
(1514724290, 12.30),
(1514724874, 12.20),
(1514725640, 12.80),
(1514726261, 12.70),
(1514726845, 11.90),
(1514727429, 10.80),
(1514881783, 14.80),
(1514882404, 15.10),
(1514882995, 15.50),
(1514883588, 15.90),
(1514884197, 16.00),
(1514884786, 15.90),
(1514885396, 15.80),
(1514885971, 15.60),
(1514886595, 15.50),
(1514887204, 15.50),
(1514887795, 15.50),
(1514888403, 15.50),
(1514888995, 15.60),
(1514889588, 15.80),
(1514890196, 16.10),
(1514890802, 16.30),
(1514891395, 16.40),
(1514892004, 16.40),
(1514892594, 16.40),
(1514893172, 16.50),
(1514893796, 16.50),
(1514894403, 16.50),
(1514894996, 16.50),
(1514895555, 16.60),
(1514896195, 16.60),
(1514896788, 16.70),
(1514898035, 17.10),
(1514898916, 17.30),
(1514899524, 17.30),
(1514900115, 17.40),
(1514906020, 15.30),
(1514920772, 13.30),
(1514921380, 13.40),
(1514921971, 13.50),
(1514922771, 13.60),
(1514923380, 13.50),
(1514923891, 13.40),
(1514924500, 13.40),
(1514924932, 13.40),
(1514925555, 13.50),
(1514926148, 13.50),
(1514926756, 13.40),
(1514927332, 13.30),
(1514927940, 13.20),
(1514967203, 12.00),
(1514967668, 12.10),
(1514968261, 12.20),
(1514968868, 12.40),
(1514969476, 12.80),
(1514970673, 13.00),
(1514971252, 12.80),
(1514971412, 12.80),
(1514972004, 12.90),
(1515585600, 14.00),
(1515607200, 13.00),
(1515654825, 12.00),
(1515655385, 12.10),
(1515656010, 12.30),
(1515656617, 12.50),
(1515657225, 12.80),
(1515657801, 13.00),
(1515658409, 13.30),
(1515659017, 13.80),
(1515659625, 14.10),
(1515660217, 14.20),
(1515660825, 14.00),
(1515661401, 13.90),
(1515662025, 13.90),
(1515662617, 13.90),
(1515663225, 14.00),
(1515663817, 14.20),
(1515664425, 14.40),
(1515664985, 14.60),
(1515665609, 14.70),
(1515666214, 14.80),
(1515666809, 15.10),
(1515667417, 15.30),
(1515668025, 15.60),
(1515668617, 15.90),
(1515669225, 16.10),
(1515669817, 16.20),
(1515670425, 16.20),
(1515671017, 16.40),
(1515671625, 16.60),
(1515672201, 16.60),
(1515672824, 16.50),
(1515673280, 16.30),
(1515674025, 16.00),
(1515674617, 15.80),
(1515675081, 15.50),
(1515675817, 15.10),
(1515676409, 14.80),
(1515677001, 14.60),
(1515677625, 14.50),
(1515698617, 12.30),
(1515699209, 12.30),
(1515699817, 12.30),
(1515700393, 12.30),
(1515701017, 12.30),
(1515701610, 12.40),
(1515702201, 12.30),
(1515702746, 12.30),
(1515703417, 12.30),
(1515705641, 12.20);

-- --------------------------------------------------------

--
-- Table structure for table `sensor8`
--

CREATE TABLE `sensor8` (
  `time` int(10) UNSIGNED NOT NULL,
  `humidity` tinyint(3) UNSIGNED DEFAULT NULL
) ENGINE=InnoDB DEFAULT CHARSET=latin1;

--
-- Dumping data for table `sensor8`
--

INSERT INTO `sensor8` (`time`, `humidity`) VALUES
(1514029837, 65),
(1514030413, 65),
(1514031042, 65),
(1514031469, 64),
(1514032066, 63),
(1514032652, 63),
(1514033245, 61),
(1514033869, 59),
(1514034461, 57),
(1514035074, 56),
(1514035677, 55),
(1514036253, 53),
(1514036867, 54),
(1514037468, 56),
(1514038045, 57),
(1514038669, 54),
(1514039229, 52),
(1514039868, 60),
(1514040461, 59),
(1514041069, 60),
(1514041661, 60),
(1514042269, 60),
(1514042861, 55),
(1514043469, 51),
(1514044060, 53),
(1514044669, 59),
(1514045276, 58),
(1514045853, 60),
(1514046465, 62),
(1514365104, 67),
(1514365692, 69),
(1514366303, 66),
(1514366908, 67),
(1514367504, 67),
(1514368096, 67),
(1514368688, 67),
(1514369311, 65),
(1514369908, 64),
(1514370496, 64),
(1514371104, 63),
(1514371708, 64),
(1514372305, 64),
(1514372880, 65),
(1514373504, 65),
(1514374096, 66),
(1514374688, 62),
(1514375292, 63),
(1514375904, 60),
(1514376496, 60),
(1514377104, 60),
(1514377680, 61),
(1514378304, 64),
(1514378896, 61),
(1514379488, 63),
(1514380096, 65),
(1514380704, 65),
(1514381308, 64),
(1514381904, 66),
(1514382505, 67),
(1514383100, 67),
(1514383696, 67),
(1514384305, 67),
(1514389104, 74),
(1514389693, 75),
(1514390306, 77),
(1514390896, 77),
(1514391484, 79),
(1514392096, 80),
(1514392704, 80),
(1514393295, 79),
(1514393904, 79),
(1514394496, 79),
(1514395104, 78),
(1514395696, 77),
(1514396304, 76),
(1514396897, 76),
(1514397504, 75),
(1514398047, 76),
(1514398704, 76),
(1514399296, 75),
(1514399888, 75),
(1514400480, 75),
(1514401105, 75),
(1514450298, 68),
(1514450896, 69),
(1514451489, 71),
(1514452091, 70),
(1514452689, 71),
(1514453280, 70),
(1514453888, 69),
(1514454497, 64),
(1514455099, 65),
(1514455696, 67),
(1514456288, 68),
(1514456880, 69),
(1514457488, 69),
(1514458096, 68),
(1514458689, 69),
(1514459296, 68),
(1514459872, 68),
(1514460480, 64),
(1514461088, 64),
(1514461691, 66),
(1514462305, 67),
(1514462897, 68),
(1514467834, 68),
(1514468432, 70),
(1514471355, 75),
(1514471986, 76),
(1514472577, 77),
(1514473184, 77),
(1514473786, 77),
(1514474353, 75),
(1514474977, 77),
(1514475585, 78),
(1514476160, 79),
(1514476784, 81),
(1514477361, 84),
(1514477952, 80),
(1514478586, 82),
(1514479760, 82),
(1514480384, 79),
(1514480976, 81),
(1514481585, 80),
(1514482176, 81),
(1514482785, 81),
(1514483386, 81),
(1514483984, 81),
(1514547089, 56),
(1514547696, 57),
(1514548305, 57),
(1514548913, 56),
(1514549506, 53),
(1514549681, 53),
(1514550274, 54),
(1514550881, 55),
(1514551481, 54),
(1514552081, 57),
(1514552673, 56),
(1514553281, 56),
(1514553874, 56),
(1514554481, 57),
(1514555073, 56),
(1514555665, 58),
(1514556281, 58),
(1514556857, 59),
(1514557474, 60),
(1514558081, 57),
(1514558673, 55),
(1514558737, 55),
(1514559073, 55),
(1514559664, 57),
(1514560249, 59),
(1514560865, 61),
(1514561464, 62),
(1514562065, 64),
(1514712298, 45),
(1514712883, 45),
(1514713467, 45),
(1514714087, 45),
(1514714671, 43),
(1514715292, 45),
(1514715876, 39),
(1514716498, 37),
(1514717080, 35),
(1514717701, 37),
(1514718266, 37),
(1514718888, 39),
(1514719471, 39),
(1514720092, 40),
(1514720677, 41),
(1514721296, 41),
(1514721844, 39),
(1514722501, 40),
(1514723085, 37),
(1514723669, 37),
(1514724290, 37),
(1514724874, 35),
(1514725640, 32),
(1514726261, 34),
(1514726845, 35),
(1514727429, 39),
(1514881783, 63),
(1514882404, 59),
(1514882995, 58),
(1514883588, 58),
(1514884197, 58),
(1514884786, 59),
(1514885396, 60),
(1514885971, 61),
(1514886595, 59),
(1514887204, 57),
(1514887795, 55),
(1514888403, 54),
(1514888995, 52),
(1514889588, 51),
(1514890196, 50),
(1514890802, 51),
(1514891395, 50),
(1514892004, 49),
(1514892594, 49),
(1514893172, 49),
(1514893796, 51),
(1514894403, 51),
(1514894996, 50),
(1514895555, 48),
(1514896195, 48),
(1514896788, 48),
(1514898035, 45),
(1514898916, 43),
(1514899524, 44),
(1514900115, 42),
(1514906020, 54),
(1514920772, 68),
(1514921380, 68),
(1514921971, 69),
(1514922771, 70),
(1514923380, 74),
(1514923891, 67),
(1514924500, 64),
(1514924932, 66),
(1514925555, 67),
(1514926148, 67),
(1514926756, 69),
(1514927332, 70),
(1514927940, 77),
(1514967203, 67),
(1514967668, 67),
(1514968261, 64),
(1514968868, 61),
(1514969476, 59),
(1514970673, 60),
(1514971252, 56),
(1514971412, 56),
(1514972004, 56),
(1515585600, 61),
(1515607200, 63),
(1515654825, 81),
(1515655385, 81),
(1515656010, 80),
(1515656617, 80),
(1515657225, 78),
(1515657801, 79),
(1515658409, 77),
(1515659017, 76),
(1515659625, 76),
(1515660217, 76),
(1515660825, 76),
(1515661401, 77),
(1515662025, 76),
(1515662617, 76),
(1515663225, 75),
(1515663817, 72),
(1515664425, 73),
(1515664985, 73),
(1515665609, 74),
(1515666214, 73),
(1515666809, 72),
(1515667417, 73),
(1515668025, 71),
(1515668617, 71),
(1515669225, 68),
(1515669817, 67),
(1515670425, 66),
(1515671017, 64),
(1515671625, 65),
(1515672201, 66),
(1515672824, 65),
(1515673280, 66),
(1515674025, 70),
(1515674617, 72),
(1515675081, 74),
(1515675817, 75),
(1515676409, 75),
(1515677001, 77),
(1515677625, 76),
(1515698617, 93),
(1515699209, 93),
(1515699817, 92),
(1515700393, 91),
(1515701017, 92),
(1515701610, 92),
(1515702201, 92),
(1515702746, 92),
(1515703417, 92),
(1515705641, 92);

-- --------------------------------------------------------

--
-- Table structure for table `sensor9`
--

CREATE TABLE `sensor9` (
  `time` int(10) UNSIGNED NOT NULL,
  `pressure` smallint(5) UNSIGNED DEFAULT NULL
) ENGINE=InnoDB DEFAULT CHARSET=latin1;

--
-- Dumping data for table `sensor9`
--

INSERT INTO `sensor9` (`time`, `pressure`) VALUES
(1514029837, 1020),
(1514030413, 1020),
(1514031042, 1020),
(1514031469, 1019),
(1514032066, 1019),
(1514032652, 1019),
(1514033245, 1019),
(1514033869, 1019),
(1514034461, 1019),
(1514035074, 1019),
(1514035677, 1019),
(1514036253, 1019),
(1514036867, 1019),
(1514037468, 1019),
(1514038045, 1019),
(1514038669, 1019),
(1514039229, 1019),
(1514039868, 1019),
(1514040461, 1019),
(1514041069, 1019),
(1514041661, 1019),
(1514042269, 1020),
(1514042861, 1020),
(1514043469, 1020),
(1514044060, 1020),
(1514044669, 1020),
(1514045276, 1020),
(1514045853, 1020),
(1514046465, 1020),
(1514365104, 1019),
(1514365692, 1019),
(1514366303, 1019),
(1514366908, 1019),
(1514367504, 1019),
(1514368096, 1019),
(1514368688, 1019),
(1514369311, 1019),
(1514369908, 1019),
(1514370496, 1019),
(1514371104, 1019),
(1514371708, 1019),
(1514372305, 1019),
(1514372880, 1019),
(1514373504, 1019),
(1514374096, 1019),
(1514374688, 1019),
(1514375292, 1019),
(1514375904, 1019),
(1514376496, 1019),
(1514377104, 1016),
(1514377680, 1016),
(1514378304, 1016),
(1514378896, 1016),
(1514379488, 1016),
(1514380096, 1016),
(1514380704, 1016),
(1514381308, 1016),
(1514381904, 1016),
(1514382505, 1016),
(1514383100, 1016),
(1514383696, 1016),
(1514384305, 1016),
(1514389104, 1014),
(1514389693, 1014),
(1514390306, 1014),
(1514390896, 1014),
(1514391484, 1014),
(1514392096, 1014),
(1514392704, 1014),
(1514393295, 1014),
(1514393904, 1014),
(1514394496, 1014),
(1514395104, 1014),
(1514395696, 1014),
(1514396304, 1014),
(1514396897, 1014),
(1514397504, 1014),
(1514398047, 1014),
(1514398704, 1014),
(1514399296, 1014),
(1514399888, 1014),
(1514400480, 1014),
(1514401105, 1014),
(1514450298, 1010),
(1514450896, 1010),
(1514451489, 1010),
(1514452091, 1010),
(1514452689, 1010),
(1514453280, 1010),
(1514453888, 1010),
(1514454497, 1010),
(1514455099, 1010),
(1514455696, 1010),
(1514456288, 1010),
(1514456880, 1010),
(1514457488, 1010),
(1514458096, 1010),
(1514458689, 1010),
(1514459296, 1010),
(1514459872, 1010),
(1514460480, 1010),
(1514461088, 1010),
(1514461691, 1010),
(1514462305, 1010),
(1514462897, 1010),
(1514467834, 1008),
(1514468432, 1008),
(1514471355, 1008),
(1514471986, 1008),
(1514472577, 1008),
(1514473184, 1008),
(1514473786, 1008),
(1514474353, 1007),
(1514474977, 1007),
(1514475585, 1007),
(1514476160, 1007),
(1514476784, 1007),
(1514477361, 1007),
(1514477952, 1007),
(1514478586, 1007),
(1514479760, 1007),
(1514480384, 1007),
(1514480976, 1007),
(1514481585, 1007),
(1514482176, 1007),
(1514482785, 1007),
(1514483386, 1007),
(1514483984, 1007),
(1514547089, 1008),
(1514547696, 1008),
(1514548305, 1008),
(1514548913, 1008),
(1514549506, 1008),
(1514549681, 1008),
(1514550274, 1008),
(1514550881, 1008),
(1514551481, 1008),
(1514552081, 1008),
(1514552673, 1008),
(1514553281, 1008),
(1514553874, 1008),
(1514554481, 1008),
(1514555073, 1008),
(1514555665, 1008),
(1514556281, 1008),
(1514556857, 1008),
(1514557474, 1008),
(1514558081, 1008),
(1514558673, 1008),
(1514558737, 1008),
(1514559073, 1008),
(1514559664, 1008),
(1514560249, 1008),
(1514560865, 1008),
(1514561464, 1008),
(1514562065, 1008),
(1514712298, 1021),
(1514712883, 1021),
(1514713467, 1021),
(1514714087, 1021),
(1514714671, 1021),
(1514715292, 1021),
(1514715876, 1021),
(1514716498, 1021),
(1514717080, 1021),
(1514717701, 1021),
(1514718266, 1021),
(1514718888, 1021),
(1514719471, 1021),
(1514720092, 1021),
(1514720677, 1021),
(1514721296, 1021),
(1514721844, 1021),
(1514722501, 1020),
(1514723085, 1020),
(1514723669, 1020),
(1514724290, 1020),
(1514724874, 1020),
(1514725640, 1020),
(1514726261, 1020),
(1514726845, 1020),
(1514727429, 1020),
(1514881783, 1011),
(1514882404, 1011),
(1514882995, 1011),
(1514883588, 1011),
(1514884197, 1011),
(1514884786, 1012),
(1514885396, 1012),
(1514885971, 1012),
(1514886595, 1012),
(1514887204, 1012),
(1514887795, 1012),
(1514888403, 1012),
(1514888995, 1012),
(1514889588, 1012),
(1514890196, 1012),
(1514890802, 1012),
(1514891395, 1012),
(1514892004, 1012),
(1514892594, 1012),
(1514893172, 1012),
(1514893796, 1012),
(1514894403, 1012),
(1514894996, 1012),
(1514895555, 1010),
(1514896195, 1010),
(1514896788, 1010),
(1514898035, 1010),
(1514898916, 1010),
(1514899524, 1010),
(1514900115, 1010),
(1514906020, 1010),
(1514920772, 1008),
(1514921380, 1008),
(1514921971, 1008),
(1514922771, 1008),
(1514923380, 1008),
(1514923891, 1008),
(1514924500, 1008),
(1514924932, 1008),
(1514925555, 1008),
(1514926148, 1008),
(1514926756, 1008),
(1514927332, 1008),
(1514927940, 1008),
(1514967203, 1008),
(1514967668, 1008),
(1514968261, 1008),
(1514968868, 1008),
(1514969476, 1008),
(1514970673, 1008),
(1514971252, 1010),
(1514971412, 1010),
(1514972004, 1010),
(1515585600, 1019),
(1515607200, 1015),
(1515654825, 1010),
(1515655385, 1010),
(1515656010, 1010),
(1515656617, 1010),
(1515657225, 1010),
(1515657801, 1010),
(1515658409, 1010),
(1515659017, 1010),
(1515659625, 1010),
(1515660217, 1010),
(1515660825, 1010),
(1515661401, 1010),
(1515662025, 1010),
(1515662617, 1011),
(1515663225, 1011),
(1515663817, 1011),
(1515664425, 1011),
(1515664985, 1011),
(1515665609, 1011),
(1515666214, 1011),
(1515666809, 1011),
(1515667417, 1011),
(1515668025, 1011),
(1515668617, 1011),
(1515669225, 1011),
(1515669817, 1011),
(1515670425, 1011),
(1515671017, 1011),
(1515671625, 1011),
(1515672201, 1011),
(1515672824, 1010),
(1515673280, 1010),
(1515674025, 1010),
(1515674617, 1010),
(1515675081, 1010),
(1515675817, 1010),
(1515676409, 1010),
(1515677001, 1010),
(1515677625, 1010),
(1515698617, 1012),
(1515699209, 1012),
(1515699817, 1012),
(1515700393, 1012),
(1515701017, 1012),
(1515701610, 1014),
(1515702201, 1012),
(1515702746, 1014),
(1515703417, 1012),
(1515705641, 1013);

-- --------------------------------------------------------

--
-- Table structure for table `sensor10`
--

CREATE TABLE `sensor10` (
  `time` int(10) UNSIGNED NOT NULL,
  `visibility` smallint(5) UNSIGNED DEFAULT NULL
) ENGINE=InnoDB DEFAULT CHARSET=latin1;

--
-- Dumping data for table `sensor10`
--

INSERT INTO `sensor10` (`time`, `visibility`) VALUES
(1514029837, 10000),
(1514030413, 10000),
(1514031042, 10000),
(1514031469, 10000),
(1514032066, 10000),
(1514032652, 10000),
(1514033245, 10000),
(1514033869, 10000),
(1514034461, 10000),
(1514035074, 10000),
(1514035677, 10000),
(1514036253, 10000),
(1514036867, 10000),
(1514037468, 10000),
(1514038045, 10000),
(1514038669, 10000),
(1514039229, 10000),
(1514039868, 10000),
(1514040461, 10000),
(1514041069, 10000),
(1514041661, 10000),
(1514042269, 10000),
(1514042861, 10000),
(1514043469, 10000),
(1514044060, 10000),
(1514044669, 10000),
(1514045276, 10000),
(1514045853, 10000),
(1514046465, 10000),
(1514365104, 10000),
(1514365692, 10000),
(1514366303, 15000),
(1514366908, 15000),
(1514367504, 15000),
(1514368096, 15000),
(1514368688, 15000),
(1514369311, 15000),
(1514369908, 15000),
(1514370496, 15000),
(1514371104, 15000),
(1514371708, 15000),
(1514372305, 15000),
(1514372880, 15000),
(1514373504, 15000),
(1514374096, 15000),
(1514374688, 15000),
(1514375292, 15000),
(1514375904, 15000),
(1514376496, 15000),
(1514377104, 10000),
(1514377680, 10000),
(1514378304, 10000),
(1514378896, 10000),
(1514379488, 10000),
(1514380096, 10000),
(1514380704, 10000),
(1514381308, 10000),
(1514381904, 10000),
(1514382505, 10000),
(1514383100, 10000),
(1514383696, 10000),
(1514384305, 10000),
(1514389104, 10000),
(1514389693, 10000),
(1514390306, 10000),
(1514390896, 10000),
(1514391484, 10000),
(1514392096, 10000),
(1514392704, 10000),
(1514393295, 10000),
(1514393904, 10000),
(1514394496, 10000),
(1514395104, 10000),
(1514395696, 10000),
(1514396304, 10000),
(1514396897, 10000),
(1514397504, 10000),
(1514398047, 10000),
(1514398704, 10000),
(1514399296, 10000),
(1514399888, 10000),
(1514400480, 10000),
(1514401105, 10000),
(1514450298, 10000),
(1514450896, 10000),
(1514451489, 10000),
(1514452091, 10000),
(1514452689, 10000),
(1514453280, 10000),
(1514453888, 10000),
(1514454497, 10000),
(1514455099, 10000),
(1514455696, 10000),
(1514456288, 10000),
(1514456880, 10000),
(1514457488, 10000),
(1514458096, 10000),
(1514458689, 10000),
(1514459296, 10000),
(1514459872, 10000),
(1514460480, 10000),
(1514461088, 10000),
(1514461691, 10000),
(1514462305, 10000),
(1514462897, 10000),
(1514467834, 10000),
(1514468432, 10000),
(1514471355, 10000),
(1514471986, 10000),
(1514472577, 10000),
(1514473184, 10000),
(1514473786, 10000),
(1514474353, 10000),
(1514474977, 1000),
(1514475585, 1000),
(1514476160, 1000),
(1514476784, 10000),
(1514477361, 10000),
(1514477952, 10000),
(1514478586, 10000),
(1514479760, 10000),
(1514480384, 10000),
(1514480976, 2000),
(1514481585, 2000),
(1514482176, 2000),
(1514482785, 2000),
(1514483386, 1000),
(1514483984, 2000),
(1514547089, 10000),
(1514547696, 10000),
(1514548305, 10000),
(1514548913, 10000),
(1514549506, 10000),
(1514549681, 10000),
(1514550274, 10000),
(1514550881, 10000),
(1514551481, 10000),
(1514552081, 10000),
(1514552673, 10000),
(1514553281, 10000),
(1514553874, 10000),
(1514554481, 10000),
(1514555073, 10000),
(1514555665, 10000),
(1514556281, 10000),
(1514556857, 10000),
(1514557474, 10000),
(1514558081, 10000),
(1514558673, 10000),
(1514558737, 10000),
(1514559073, 10000),
(1514559664, 10000),
(1514560249, 10000),
(1514560865, 10000),
(1514561464, 10000),
(1514562065, 10000),
(1514712298, 10000),
(1514712883, 10000),
(1514713467, 10000),
(1514714087, 10000),
(1514714671, 10000),
(1514715292, 10000),
(1514715876, 10000),
(1514716498, 10000),
(1514717080, 10000),
(1514717701, 10000),
(1514718266, 10000),
(1514718888, 10000),
(1514719471, 10000),
(1514720092, 10000),
(1514720677, 10000),
(1514721296, 10000),
(1514721844, 10000),
(1514722501, 10000),
(1514723085, 10000),
(1514723669, 10000),
(1514724290, 10000),
(1514724874, 10000),
(1514725640, 10000),
(1514726261, 10000),
(1514726845, 10000),
(1514727429, 10000),
(1514881783, 10000),
(1514882404, 10000),
(1514882995, 10000),
(1514883588, 10000),
(1514884197, 10000),
(1514884786, 10000),
(1514885396, 10000),
(1514885971, 10000),
(1514886595, 10000),
(1514887204, 10000),
(1514887795, 10000),
(1514888403, 10000),
(1514888995, 10000),
(1514889588, 10000),
(1514890196, 10000),
(1514890802, 10000),
(1514891395, 10000),
(1514892004, 10000),
(1514892594, 10000),
(1514893172, 10000),
(1514893796, 10000),
(1514894403, 10000),
(1514894996, 10000),
(1514895555, 10000),
(1514896195, 10000),
(1514896788, 10000),
(1514898035, 10000),
(1514898916, 10000),
(1514899524, 10000),
(1514900115, 10000),
(1514906020, 10000),
(1514920772, 10000),
(1514921380, 10000),
(1514921971, 10000),
(1514922771, 10000),
(1514923380, 10000),
(1514923891, 10000),
(1514924500, 10000),
(1514924932, 10000),
(1514925555, 10000),
(1514926148, 10000),
(1514926756, 10000),
(1514927332, 10000),
(1514927940, 10000),
(1514967203, 10000),
(1514967668, 10000),
(1514968261, 10000),
(1514968868, 10000),
(1514969476, 10000),
(1514970673, 10000),
(1514971252, 10000),
(1514971412, 10000),
(1514972004, 10000),
(1515585600, 10000),
(1515607200, 10000),
(1515654825, 10000),
(1515655385, 10000),
(1515656010, 10000),
(1515656617, 10000),
(1515657225, 10000),
(1515657801, 10000),
(1515658409, 10000),
(1515659017, 10000),
(1515659625, 10000),
(1515660217, 10000),
(1515660825, 10000),
(1515661401, 10000),
(1515662025, 10000),
(1515662617, 10000),
(1515663225, 10000),
(1515663817, 10000),
(1515664425, 10000),
(1515664985, 10000),
(1515665609, 10000),
(1515666214, 10000),
(1515666809, 10000),
(1515667417, 10000),
(1515668025, 10000),
(1515668617, 10000),
(1515669225, 10000),
(1515669817, 10000),
(1515670425, 10000),
(1515671017, 10000),
(1515671625, 10000),
(1515672201, 10000),
(1515672824, 10000),
(1515673280, 10000),
(1515674025, 10000),
(1515674617, 10000),
(1515675081, 10000),
(1515675817, 10000),
(1515676409, 10000),
(1515677001, 10000),
(1515677625, 10000),
(1515698617, 10000),
(1515699209, 10000),
(1515699817, 10000),
(1515700393, 10000),
(1515701017, 10000),
(1515701610, 5000),
(1515702201, 10000),
(1515702746, 5000),
(1515703417, 10000),
(1515705641, 5000);

-- --------------------------------------------------------

--
-- Table structure for table `sensor11`
--

CREATE TABLE `sensor11` (
  `time` int(10) UNSIGNED NOT NULL,
  `speed` float(10,2) UNSIGNED DEFAULT NULL,
  `direction` smallint(5) UNSIGNED DEFAULT NULL
) ENGINE=InnoDB DEFAULT CHARSET=latin1;

--
-- Dumping data for table `sensor11`
--

INSERT INTO `sensor11` (`time`, `speed`, `direction`) VALUES
(1514029837, 5.72, 324),
(1514030413, 3.72, 323),
(1514031042, 6.39, 327),
(1514031469, 6.81, 312),
(1514032066, 3.31, 272),
(1514032652, 1.61, 335),
(1514033245, 4.61, 292),
(1514033869, 2.50, 315),
(1514034461, 5.08, 291),
(1514035074, 7.42, 319),
(1514035677, 5.00, 326),
(1514036253, 5.72, 290),
(1514036867, 8.19, 310),
(1514037468, 2.58, 293),
(1514038045, 3.22, 269),
(1514038669, 8.19, 332),
(1514039229, 5.00, 243),
(1514039868, 3.31, 300),
(1514040461, 3.89, 296),
(1514041069, 4.78, 302),
(1514041661, 2.00, 205),
(1514042269, 2.19, 308),
(1514042861, 2.92, 338),
(1514043469, 3.39, 329),
(1514044060, 4.28, 293),
(1514044669, 2.28, 264),
(1514045276, 1.53, 332),
(1514045853, 4.39, 299),
(1514046465, 6.08, 296),
(1514365692, 1.53, 266),
(1514366303, 0.81, 251),
(1514366908, 0.58, 245),
(1514367504, 2.19, 249),
(1514368688, 1.53, 151),
(1514369311, 0.89, 251),
(1514369908, 2.19, 265),
(1514370496, 0.58, 92),
(1514371104, 1.53, 118),
(1514371708, 0.50, 214),
(1514372305, 0.89, 228),
(1514372880, 2.28, 231),
(1514374096, 0.58, 190),
(1514375292, 0.39, 185),
(1514375904, 0.89, 191),
(1514376496, 2.58, 264),
(1514377104, 0.89, 170),
(1514377680, 1.53, 198),
(1514378304, 0.58, 247),
(1514378896, 1.19, 120),
(1514379488, 1.92, 183),
(1514380096, 1.31, 242),
(1514381308, 0.58, 159),
(1514381904, 1.92, 165),
(1514383696, 0.89, 193),
(1514384305, 0.89, 185),
(1514389693, 1.61, 174),
(1514390306, 1.53, 138),
(1514390896, 1.78, 158),
(1514391484, 0.81, 174),
(1514392096, 0.39, 155),
(1514392704, 1.11, 173),
(1514393295, 1.78, 121),
(1514393904, 0.81, 149),
(1514394496, 1.31, 146),
(1514395104, 1.19, 140),
(1514395696, 1.31, 139),
(1514396304, 0.50, 149),
(1514396897, 1.78, 160),
(1514397504, 0.58, 184),
(1514398704, 1.78, 178),
(1514399296, 1.92, 113),
(1514399888, 1.78, 171),
(1514400480, 0.89, 265),
(1514401105, 0.39, 178),
(1514450298, 2.92, 181),
(1514450896, 1.61, 198),
(1514451489, 3.00, 199),
(1514452091, 3.89, 194),
(1514452689, 3.31, 199),
(1514453280, 4.78, 127),
(1514453888, 3.72, 195),
(1514454497, 1.53, 239),
(1514455099, 5.33, 135),
(1514455696, 2.28, 114),
(1514456288, 2.28, 173),
(1514456880, 2.19, 169),
(1514457488, 3.39, 250),
(1514458096, 4.39, 155),
(1514458689, 6.89, 230),
(1514459296, 2.19, 214),
(1514459872, 2.00, 184),
(1514460480, 1.11, 192),
(1514461088, 4.11, 281),
(1514461691, 3.39, 172),
(1514462305, 5.42, 185),
(1514462897, 3.00, 250),
(1514467834, 2.69, 254),
(1514468432, 2.19, 220),
(1514471355, 4.39, 184),
(1514471986, 2.58, 244),
(1514472577, 5.42, 94),
(1514473184, 4.39, 190),
(1514473786, 3.31, 200),
(1514474353, 3.00, 130),
(1514474977, 2.69, 200),
(1514475585, 4.11, 222),
(1514476160, 5.72, 202),
(1514476784, 1.78, 191),
(1514477361, 8.19, 136),
(1514477952, 4.28, 177),
(1514478586, 2.69, 190),
(1514479760, 4.28, 150),
(1514480384, 2.19, 220),
(1514480976, 3.72, 241),
(1514481585, 4.11, 223),
(1514482176, 1.53, 149),
(1514482785, 3.89, 309),
(1514483386, 3.39, 213),
(1514483984, 1.92, 181),
(1514547089, 2.00, 219),
(1514547696, 3.61, 97),
(1514548305, 1.53, 105),
(1514548913, 0.89, 183),
(1514549506, 2.19, 212),
(1514549681, 1.11, 227),
(1514550274, 1.92, 223),
(1514550881, 3.72, 245),
(1514552081, 2.28, 196),
(1514552673, 1.92, 144),
(1514553281, 2.50, 175),
(1514553874, 1.11, 172),
(1514554481, 1.11, 229),
(1514555073, 1.61, 92),
(1514555665, 1.31, 160),
(1514556281, 0.89, 178),
(1514556857, 2.69, 145),
(1514557474, 1.53, 180),
(1514558081, 1.31, 216),
(1514558673, 0.39, 191),
(1514558737, 1.19, 262),
(1514559073, 0.89, 242),
(1514559664, 1.19, 259),
(1514560249, 0.58, 282),
(1514561464, 0.39, 227),
(1514712298, 1.78, 315),
(1514712883, 0.44, 90),
(1514713467, 0.89, 270),
(1514714087, 0.89, 293),
(1514714671, 0.44, 225),
(1514715292, 0.89, 270),
(1514715876, 0.44, 270),
(1514716498, 0.44, 225),
(1514717080, 0.44, 225),
(1514717701, 1.33, 225),
(1514718266, 0.89, 270),
(1514718888, 2.22, 270),
(1514719471, 1.78, 248),
(1514720092, 0.44, 225),
(1514720677, 1.78, 270),
(1514721296, 1.33, 338),
(1514721844, 1.33, 338),
(1514722501, 2.22, 293),
(1514723085, 0.89, 270),
(1514723669, 0.44, 23),
(1514724290, 0.44, 270),
(1514724874, 0.44, 23),
(1514725640, 0.44, 270),
(1514726261, 0.89, 248),
(1514726845, 0.89, 225),
(1514727429, 0.89, 338),
(1514881783, 1.61, 266),
(1514882404, 3.61, 252),
(1514882995, 5.33, 225),
(1514883588, 9.22, 265),
(1514884197, 3.97, 265),
(1514884786, 8.58, 282),
(1514885396, 3.00, 281),
(1514885971, 4.69, 257),
(1514886595, 4.78, 276),
(1514887204, 5.50, 272),
(1514887795, 6.00, 230),
(1514888403, 5.08, 256),
(1514888995, 7.19, 265),
(1514889588, 6.39, 235),
(1514890196, 6.89, 264),
(1514890802, 4.28, 273),
(1514891395, 8.08, 273),
(1514892004, 7.61, 262),
(1514892594, 5.08, 294),
(1514893172, 6.08, 266),
(1514893796, 8.81, 262),
(1514894403, 4.69, 228),
(1514894996, 3.97, 262),
(1514895555, 6.00, 285),
(1514896195, 2.19, 279),
(1514898035, 3.00, 260),
(1514898916, 0.58, 229),
(1514899524, 2.00, 250),
(1514900115, 3.39, 246),
(1514906020, 1.11, 267),
(1514921380, 0.58, 142),
(1514923380, 0.39, 231),
(1514924500, 1.31, 171),
(1514924932, 1.92, 139),
(1514925555, 2.00, 90),
(1514926148, 0.81, 88),
(1514927940, 2.58, 251),
(1514967203, 2.00, 318),
(1514967668, 1.78, 323),
(1514968261, 3.89, 304),
(1514968868, 1.92, 1),
(1514969476, 2.28, 296),
(1514970673, 2.69, 271),
(1514971252, 5.08, 300),
(1514972004, 5.33, 298),
(1515654825, 0.00, 173),
(1515655385, 1.11, 0),
(1515656010, 0.00, 333),
(1515656617, 0.00, 257),
(1515657225, 0.00, 121),
(1515657801, 0.00, 51),
(1515658409, 0.00, 123),
(1515659017, 0.00, 2),
(1515659625, 0.00, 54),
(1515660217, 0.00, 61),
(1515660825, 1.92, 291),
(1515661401, 0.39, 357),
(1515662025, 0.00, 286),
(1515662617, 0.58, 295),
(1515663225, 0.00, 175),
(1515663817, 0.58, 201),
(1515664425, 0.89, 289),
(1515664985, 0.00, 254),
(1515665609, 0.00, 279),
(1515666214, 1.11, 180),
(1515666809, 1.53, 191),
(1515667417, 0.00, 191),
(1515668025, 0.81, 118),
(1515668617, 2.00, 251),
(1515669225, 1.19, 213),
(1515669817, 3.00, 228),
(1515670425, 0.58, 228),
(1515671017, 0.50, 230),
(1515671625, 0.89, 217),
(1515672201, 0.58, 239),
(1515672824, 0.50, 219),
(1515673280, 0.00, 221),
(1515674025, 1.53, 169),
(1515674617, 0.00, 206),
(1515675081, 0.81, 115),
(1515675817, 0.00, 268),
(1515676409, 0.81, 216),
(1515677001, 0.50, 193),
(1515677625, 1.61, 266),
(1515698617, 0.00, 195),
(1515699209, 0.00, 247),
(1515699817, 0.50, 271),
(1515700393, 0.58, 266),
(1515701017, 0.00, 244),
(1515701610, 1.19, 262),
(1515702201, 0.58, 278),
(1515702746, 0.58, 284),
(1515703417, 0.00, 193),
(1515705641, 0.00, 338);

-- --------------------------------------------------------

--
-- Table structure for table `sensor12`
--

CREATE TABLE `sensor12` (
  `time` int(10) UNSIGNED NOT NULL,
  `dewPoint` float(10,2) DEFAULT NULL
) ENGINE=InnoDB DEFAULT CHARSET=latin1;

--
-- Dumping data for table `sensor12`
--

INSERT INTO `sensor12` (`time`, `dewPoint`) VALUES
(1514029837, 1.00),
(1514030413, 1.00),
(1514031042, 1.00),
(1514031469, 1.00),
(1514032066, 1.00),
(1514032652, 1.00),
(1514033245, 1.00),
(1514033869, 1.00),
(1514037468, 1.00),
(1514038045, 1.00),
(1514039868, 2.00),
(1514040461, 1.00),
(1514041069, 1.00),
(1514041661, 1.00),
(1514042269, 1.00),
(1514043469, -1.00),
(1514044060, -1.00),
(1514044669, 1.00),
(1514045853, 1.00),
(1514046465, 1.00),
(1514365104, 8.00),
(1514365692, 9.00),
(1514366303, 9.00),
(1514366908, 9.00),
(1514367504, 9.00),
(1514368096, 9.00),
(1514368688, 9.00),
(1514369311, 9.00),
(1514369908, 9.00),
(1514370496, 9.00),
(1514371104, 9.00),
(1514371708, 9.00),
(1514372305, 9.00),
(1514372880, 10.00),
(1514373504, 10.00),
(1514374096, 10.00),
(1514374688, 9.00),
(1514375292, 9.00),
(1514375904, 9.00),
(1514376496, 9.00),
(1514377104, 9.00),
(1514377680, 9.00),
(1514378304, 10.00),
(1514378896, 9.00),
(1514379488, 9.00),
(1514380096, 10.00),
(1514380704, 10.00),
(1514381308, 9.00),
(1514381904, 9.00),
(1514382505, 10.00),
(1514383100, 10.00),
(1514383696, 9.00),
(1514384305, 9.00),
(1514389104, 10.00),
(1514389693, 10.00),
(1514390306, 11.00),
(1514390896, 11.00),
(1514391484, 11.00),
(1514392096, 11.00),
(1514392704, 11.00),
(1514393295, 11.00),
(1514393904, 11.00),
(1514394496, 11.00),
(1514395104, 10.00),
(1514395696, 10.00),
(1514396304, 10.00),
(1514396897, 10.00),
(1514397504, 9.00),
(1514398047, 10.00),
(1514398704, 9.00),
(1514399296, 9.00),
(1514399888, 9.00),
(1514400480, 9.00),
(1514401105, 9.00),
(1514450298, 9.00),
(1514450896, 10.00),
(1514451489, 11.00),
(1514452091, 10.00),
(1514452689, 10.00),
(1514453280, 10.00),
(1514453888, 10.00),
(1514454497, 9.00),
(1514455099, 9.00),
(1514455696, 10.00),
(1514456288, 10.00),
(1514456880, 10.00),
(1514457488, 10.00),
(1514458096, 10.00),
(1514458689, 10.00),
(1514459296, 10.00),
(1514459872, 10.00),
(1514460480, 9.00),
(1514461088, 9.00),
(1514461691, 10.00),
(1514462305, 10.00),
(1514462897, 10.00),
(1514467834, 9.00),
(1514468432, 10.00),
(1514471355, 11.00),
(1514471986, 11.00),
(1514472577, 11.00),
(1514473184, 11.00),
(1514473786, 11.00),
(1514474353, 11.00),
(1514474977, 11.00),
(1514475585, 12.00),
(1514476160, 12.00),
(1514476784, 12.00),
(1514477361, 12.00),
(1514477952, 12.00),
(1514478586, 12.00),
(1514479760, 12.00),
(1514480384, 11.00),
(1514480976, 12.00),
(1514481585, 12.00),
(1514482176, 12.00),
(1514482785, 12.00),
(1514483386, 12.00),
(1514483984, 12.00),
(1514547089, 8.00),
(1514547696, 8.00),
(1514548305, 8.00),
(1514548913, 7.00),
(1514549506, 7.00),
(1514549681, 7.00),
(1514550274, 8.00),
(1514550881, 8.00),
(1514551481, 7.00),
(1514552081, 8.00),
(1514552673, 8.00),
(1514553281, 7.00),
(1514553874, 8.00),
(1514554481, 8.00),
(1514555073, 7.00),
(1514555665, 8.00),
(1514556281, 7.00),
(1514556857, 8.00),
(1514557474, 8.00),
(1514558081, 7.00),
(1514558673, 6.00),
(1514558737, 6.00),
(1514559073, 6.00),
(1514559664, 7.00),
(1514560249, 7.00),
(1514560865, 7.00),
(1514561464, 7.00),
(1514562065, 7.00),
(1514712298, -1.00),
(1514712883, -1.00),
(1514713467, -1.00),
(1514714087, -1.00),
(1514714671, -1.00),
(1514715292, -1.00),
(1514715876, -2.00),
(1514716498, -2.00),
(1514717080, -2.00),
(1514717701, -1.00),
(1514718266, -2.00),
(1514718888, -1.00),
(1514719471, -1.00),
(1514720092, -1.00),
(1514720677, -1.00),
(1514721844, -1.00),
(1514722501, -1.00),
(1514723085, -2.00),
(1514723669, -2.00),
(1514724290, -2.00),
(1514724874, -3.00),
(1514725640, -3.00),
(1514726261, -3.00),
(1514726845, -3.00),
(1514727429, -3.00),
(1514881783, 8.00),
(1514882404, 7.00),
(1514882995, 7.00),
(1514883588, 8.00),
(1514884197, 8.00),
(1514884786, 8.00),
(1514885396, 8.00),
(1514885971, 8.00),
(1514886595, 8.00),
(1514887204, 7.00),
(1514887795, 7.00),
(1514888403, 6.00),
(1514888995, 6.00),
(1514889588, 6.00),
(1514890196, 6.00),
(1514890802, 6.00),
(1514891395, 6.00),
(1514892004, 6.00),
(1514892594, 6.00),
(1514893172, 6.00),
(1514893796, 6.00),
(1514894403, 6.00),
(1514894996, 6.00),
(1514895555, 6.00),
(1514896195, 6.00),
(1514896788, 6.00),
(1514898035, 5.00),
(1514898916, 5.00),
(1514899524, 5.00),
(1514900115, 4.00),
(1514906020, 6.00),
(1514920772, 8.00),
(1514921380, 8.00),
(1514921971, 8.00),
(1514922771, 8.00),
(1514923380, 9.00),
(1514923891, 7.00),
(1514924500, 7.00),
(1514924932, 7.00),
(1514925555, 8.00),
(1514926148, 8.00),
(1514926756, 8.00),
(1514927332, 8.00),
(1514927940, 9.00),
(1514967203, 6.00),
(1514967668, 6.00),
(1514968261, 6.00),
(1514968868, 5.00),
(1514969476, 5.00),
(1514970673, 5.00),
(1514971252, 4.00),
(1514971412, 4.00),
(1514972004, 4.00),
(1515585600, 9.00),
(1515607200, 8.00),
(1515654825, 9.00),
(1515655385, 9.00),
(1515656010, 9.00),
(1515656617, 9.00),
(1515657225, 9.00),
(1515657801, 9.00),
(1515658409, 9.00),
(1515659017, 10.00),
(1515659625, 10.00),
(1515660217, 10.00),
(1515660825, 10.00),
(1515661401, 10.00),
(1515662025, 10.00),
(1515662617, 10.00),
(1515663225, 10.00),
(1515663817, 9.00),
(1515664425, 10.00),
(1515664985, 10.00),
(1515665609, 10.00),
(1515666214, 10.00),
(1515666809, 10.00),
(1515667417, 11.00),
(1515668025, 10.00),
(1515668617, 11.00),
(1515669225, 10.00),
(1515669817, 10.00),
(1515670425, 10.00),
(1515671017, 10.00),
(1515671625, 10.00),
(1515672201, 10.00),
(1515672824, 10.00),
(1515673280, 10.00),
(1515674025, 11.00),
(1515674617, 11.00),
(1515675081, 11.00),
(1515675817, 11.00),
(1515676409, 10.00),
(1515677001, 11.00),
(1515677625, 10.00),
(1515698617, 11.00),
(1515699209, 11.00),
(1515699817, 11.00),
(1515700393, 11.00),
(1515701017, 11.00),
(1515701610, 11.00),
(1515702201, 11.00),
(1515702746, 11.00),
(1515703417, 11.00),
(1515705641, 11.00);

-- --------------------------------------------------------

--
-- Table structure for table `sensor13`
--

CREATE TABLE `sensor13` (
  `time` int(10) UNSIGNED NOT NULL,
  `solarRad` smallint(5) UNSIGNED DEFAULT NULL
) ENGINE=InnoDB DEFAULT CHARSET=latin1;

--
-- Dumping data for table `sensor13`
--

INSERT INTO `sensor13` (`time`, `solarRad`) VALUES
(1514029837, 44),
(1514030413, 43),
(1514031042, 56),
(1514031469, 54),
(1514032066, 82),
(1514032652, 177),
(1514033245, 165),
(1514033869, 132),
(1514034461, 104),
(1514035074, 300),
(1514035677, 219),
(1514036253, 295),
(1514036867, 69),
(1514037468, 229),
(1514038045, 197),
(1514038669, 162),
(1514039229, 38),
(1514039868, 43),
(1514040461, 42),
(1514041069, 9),
(1514365104, 84),
(1514365692, 87),
(1514366303, 124),
(1514366908, 136),
(1514367504, 112),
(1514368096, 91),
(1514368688, 88),
(1514369311, 89),
(1514369908, 109),
(1514370496, 249),
(1514371104, 272),
(1514371708, 202),
(1514372305, 321),
(1514372880, 236),
(1514373504, 360),
(1514374096, 372),
(1514374688, 385),
(1514375292, 392),
(1514375904, 416),
(1514376496, 259),
(1514377104, 145),
(1514377680, 100),
(1514378304, 172),
(1514378896, 447),
(1514379488, 120),
(1514380096, 92),
(1514380704, 90),
(1514381308, 99),
(1514381904, 72),
(1514382505, 61),
(1514383100, 56),
(1514383696, 58),
(1514384305, 55),
(1514450298, 132),
(1514450896, 79),
(1514451489, 106),
(1514452091, 96),
(1514452689, 115),
(1514453280, 96),
(1514453888, 102),
(1514454497, 120),
(1514455099, 134),
(1514455696, 93),
(1514456288, 110),
(1514456880, 96),
(1514457488, 118),
(1514458096, 150),
(1514458689, 147),
(1514459296, 132),
(1514459872, 120),
(1514460480, 134),
(1514461088, 117),
(1514461691, 111),
(1514462305, 67),
(1514462897, 60),
(1514467834, 82),
(1514468432, 68),
(1514471355, 18),
(1514471986, 7),
(1514547089, 320),
(1514547696, 363),
(1514548305, 418),
(1514548913, 432),
(1514549506, 471),
(1514549681, 488),
(1514550274, 368),
(1514550881, 429),
(1514551481, 411),
(1514552081, 202),
(1514552673, 374),
(1514553281, 360),
(1514553874, 82),
(1514554481, 102),
(1514555073, 98),
(1514555665, 71),
(1514556281, 186),
(1514556857, 56),
(1514557474, 46),
(1514558081, 29),
(1514558673, 24),
(1514558737, 23),
(1514559073, 17),
(1514559664, 2),
(1514881783, 129),
(1514882404, 158),
(1514882995, 175),
(1514883588, 167),
(1514884197, 169),
(1514884786, 158),
(1514885396, 143),
(1514885971, 125),
(1514886595, 135),
(1514887204, 110),
(1514887795, 88),
(1514888403, 185),
(1514888995, 99),
(1514889588, 269),
(1514890196, 291),
(1514890802, 121),
(1514891395, 198),
(1514892004, 342),
(1514892594, 351),
(1514893172, 363),
(1514893796, 360),
(1514894403, 365),
(1514894996, 362),
(1514895555, 356),
(1514896195, 356),
(1514896788, 352),
(1514898035, 336),
(1514898916, 327),
(1514899524, 322),
(1514900115, 305),
(1514967203, 118),
(1514967668, 118),
(1514968261, 120),
(1514968868, 150),
(1514969476, 155),
(1514970673, 118),
(1514971252, 137),
(1514971412, 142),
(1514972004, 148),
(1515654825, 61),
(1515655385, 90),
(1515656010, 101),
(1515656617, 85),
(1515657225, 108),
(1515657801, 119),
(1515658409, 142),
(1515659017, 163),
(1515659625, 141),
(1515660217, 162),
(1515660825, 121),
(1515661401, 143),
(1515662025, 159),
(1515662617, 134),
(1515663225, 162),
(1515663817, 192),
(1515664425, 168),
(1515664985, 169),
(1515665609, 199),
(1515666214, 247),
(1515666809, 258),
(1515667417, 376),
(1515668025, 413),
(1515668617, 271),
(1515669225, 398),
(1515669817, 389),
(1515670425, 425),
(1515671017, 402),
(1515671625, 327),
(1515672201, 194),
(1515672824, 219),
(1515673280, 144),
(1515674025, 128),
(1515674617, 100),
(1515675081, 89),
(1515675817, 91),
(1515676409, 68),
(1515677001, 65),
(1515677625, 58),
(1515698617, 0),
(1515699209, 0),
(1515699817, 0),
(1515700393, 0),
(1515701017, 0),
(1515701610, 0),
(1515702201, 0),
(1515702746, 0),
(1515703417, 0),
(1515705641, 0);

-- --------------------------------------------------------

--
-- Table structure for table `sensor14`
--

CREATE TABLE `sensor14` (
  `time` int(10) UNSIGNED NOT NULL,
  `uv` smallint(5) UNSIGNED DEFAULT NULL
) ENGINE=InnoDB DEFAULT CHARSET=latin1;

--
-- Dumping data for table `sensor14`
--

INSERT INTO `sensor14` (`time`, `uv`) VALUES
(1514898916, 1),
(1514899524, 1),
(1514900115, 1),
(1514967203, 1),
(1514967668, 2),
(1514968261, 2),
(1514968868, 2),
(1514969476, 2),
(1514970673, 2),
(1514971252, 2),
(1514971412, 2),
(1514972004, 2),
(1515585600, 0),
(1515607200, 0),
(1515654825, 1),
(1515655385, 1),
(1515656010, 1),
(1515656617, 1),
(1515657225, 1),
(1515657801, 1),
(1515658409, 2),
(1515659017, 2),
(1515659625, 2),
(1515660217, 2),
(1515660825, 2),
(1515661401, 2),
(1515662025, 2),
(1515662617, 2),
(1515663225, 2),
(1515663817, 2),
(1515664425, 2),
(1515664985, 2),
(1515665609, 2),
(1515666214, 2),
(1515666809, 2),
(1515667417, 3),
(1515668025, 2),
(1515668617, 2),
(1515669225, 2),
(1515669817, 2),
(1515670425, 2),
(1515671017, 2),
(1515671625, 2),
(1515672201, 2),
(1515672824, 2),
(1515673280, 1),
(1515674025, 1),
(1515674617, 1),
(1515675081, 1),
(1515675817, 1),
(1515676409, 1),
(1515677001, 1),
(1515677625, 1),
(1515698617, 0),
(1515699209, 0),
(1515699817, 0),
(1515700393, 0),
(1515701017, 0),
(1515701610, 0),
(1515702201, 0),
(1515702746, 0),
(1515703417, 0),
(1515705641, 0);

-- --------------------------------------------------------

--
-- Table structure for table `sensor15`
--

CREATE TABLE `sensor15` (
  `time` int(10) UNSIGNED NOT NULL,
  `temperature` float(10,2) DEFAULT NULL
) ENGINE=InnoDB DEFAULT CHARSET=latin1;

--
-- Dumping data for table `sensor15`
--

INSERT INTO `sensor15` (`time`, `temperature`) VALUES
(1514029844, 8.08),
(1514031477, 8.10),
(1514032376, 7.73),
(1514035076, 7.71),
(1514044076, 8.09),
(1514366312, 14.31),
(1514368112, 15.28),
(1514371712, 15.78),
(1514375312, 15.89),
(1514377112, 15.96),
(1514378012, 15.76),
(1514396605, 13.54),
(1514400205, 13.08),
(1514452399, 15.37),
(1514467700, 15.08),
(1514471694, 14.91),
(1514482492, 14.82),
(1514483391, 14.76),
(1514550119, 15.68),
(1514555519, 14.99),
(1514558737, 15.09),
(1514559071, 15.02),
(1514722504, 13.84),
(1514723403, 13.91),
(1514725068, 13.69),
(1514726857, 13.69),
(1514881806, 15.04),
(1514884505, 15.31),
(1514896207, 16.61),
(1514898033, 16.39),
(1514898436, 16.37),
(1514899336, 16.31),
(1514906131, 15.51),
(1514920781, 12.58),
(1514921681, 12.34),
(1514922786, 12.31),
(1514923904, 12.32),
(1514924961, 12.35),
(1514925861, 12.44),
(1514926761, 12.41),
(1514967302, 11.91),
(1514970892, 12.77),
(1514971416, 12.86),
(1515599366, 13.09),
(1515600266, 13.06),
(1515603866, 12.73),
(1515608366, 12.27),
(1515609266, 12.34),
(1515610166, 12.61),
(1515611066, 12.57),
(1515612826, 12.58),
(1515613337, 11.41),
(1515613368, 11.41),
(1515613620, 11.41),
(1515614519, 11.43),
(1515615446, 11.53),
(1515617246, 10.94),
(1515654826, 10.44),
(1515664726, 13.83),
(1515672826, 15.50),
(1515698620, 12.26),
(1515699520, 11.85),
(1515700420, 11.87),
(1515703120, 11.74);

-- --------------------------------------------------------

--
-- Table structure for table `sensor16`
--

CREATE TABLE `sensor16` (
  `time` int(10) UNSIGNED NOT NULL,
  `humidity` tinyint(3) UNSIGNED DEFAULT NULL
) ENGINE=InnoDB DEFAULT CHARSET=latin1;

--
-- Dumping data for table `sensor16`
--

INSERT INTO `sensor16` (`time`, `humidity`) VALUES
(1514029844, 62),
(1514031477, 63),
(1514032376, 62),
(1514035076, 63),
(1514044076, 57),
(1514366312, 73),
(1514368112, 67),
(1514371712, 63),
(1514375312, 63),
(1514377112, 61),
(1514378012, 64),
(1514396605, 77),
(1514400205, 75),
(1514452399, 67),
(1514467700, 74),
(1514471694, 74),
(1514482492, 84),
(1514483391, 84),
(1514550119, 55),
(1514555519, 55),
(1514558737, 56),
(1514559071, 56),
(1514722504, 32),
(1514723403, 33),
(1514725068, 31),
(1514726857, 32),
(1514881806, 68),
(1514884505, 64),
(1514896207, 48),
(1514898033, 46),
(1514898436, 46),
(1514899336, 46),
(1514906131, 47),
(1514920781, 67),
(1514921681, 72),
(1514922786, 73),
(1514923904, 73),
(1514924961, 72),
(1514925861, 69),
(1514926761, 70),
(1514967302, 70),
(1514970892, 66),
(1514971416, 65),
(1515599366, 73),
(1515600266, 73),
(1515603866, 78),
(1515608366, 77),
(1515609266, 77),
(1515610166, 75),
(1515611066, 75),
(1515612826, 75),
(1515613337, 80),
(1515613368, 80),
(1515613620, 80),
(1515614519, 80),
(1515615446, 80),
(1515617246, 83),
(1515654826, 89),
(1515664726, 78),
(1515672826, 67),
(1515698620, 89),
(1515699520, 92),
(1515700420, 92),
(1515703120, 90);

-- --------------------------------------------------------

--
-- Table structure for table `sensor17`
--

CREATE TABLE `sensor17` (
  `time` int(10) UNSIGNED NOT NULL,
  `pressure` smallint(5) UNSIGNED DEFAULT NULL
) ENGINE=InnoDB DEFAULT CHARSET=latin1;

--
-- Dumping data for table `sensor17`
--

INSERT INTO `sensor17` (`time`, `pressure`) VALUES
(1514029844, 1019),
(1514031477, 1020),
(1514032376, 1020),
(1514035076, 1020),
(1514044076, 1021),
(1514366312, 1018),
(1514368112, 1018),
(1514371712, 1017),
(1514375312, 1016),
(1514377112, 1016),
(1514378012, 1016),
(1514396605, 1014),
(1514400205, 1014),
(1514452399, 1010),
(1514467700, 1007),
(1514471694, 1007),
(1514482492, 1007),
(1514483391, 1007),
(1514550119, 1007),
(1514555519, 1007),
(1514558737, 1007),
(1514559071, 1007),
(1514722504, 1020),
(1514723403, 1020),
(1514725068, 1020),
(1514726857, 1020),
(1514881806, 1011),
(1514884505, 1011),
(1514896207, 1009),
(1514898033, 1009),
(1514898436, 1009),
(1514899336, 1009),
(1514906131, 1009),
(1514920781, 1008),
(1514921681, 1008),
(1514922786, 1008),
(1514923904, 1008),
(1514924961, 1008),
(1514925861, 1008),
(1514926761, 1007),
(1514967302, 1009),
(1514970892, 1010),
(1514971416, 1010),
(1515599366, 1016),
(1515600266, 1016),
(1515603866, 1016),
(1515608366, 1015),
(1515609266, 1015),
(1515610166, 1015),
(1515611066, 1015),
(1515612826, 1015),
(1515613337, 1015),
(1515613368, 1015),
(1515613620, 1015),
(1515614519, 1014),
(1515615446, 1014),
(1515617246, 1014),
(1515654826, 1011),
(1515664726, 1011),
(1515672826, 1010),
(1515698620, 1012),
(1515699520, 1012),
(1515700420, 1012),
(1515703120, 1012);

-- --------------------------------------------------------

--
-- Table structure for table `sensor18`
--

CREATE TABLE `sensor18` (
  `time` int(10) UNSIGNED NOT NULL,
  `visibility` smallint(5) UNSIGNED DEFAULT NULL
) ENGINE=InnoDB DEFAULT CHARSET=latin1;

--
-- Dumping data for table `sensor18`
--

INSERT INTO `sensor18` (`time`, `visibility`) VALUES
(1514029844, 10010),
(1514031477, 10010),
(1514032376, 10010),
(1514035076, 10010),
(1514044076, 10010),
(1514366312, 9430),
(1514368112, 10010),
(1514371712, 10010),
(1514375312, 10010),
(1514377112, 10010),
(1514378012, 10010),
(1514396605, 10010),
(1514400205, 10010),
(1514452399, 10010),
(1514467700, 10010),
(1514471694, 10010),
(1514482492, 9430),
(1514483391, 9430),
(1514550119, 10010),
(1514555519, 10010),
(1514558737, 10010),
(1514559071, 10010),
(1514722504, 10010),
(1514723403, 10010),
(1514725068, 10010),
(1514726857, 10010),
(1514881806, 10010),
(1514884505, 10010),
(1514896207, 10010),
(1514898033, 10010),
(1514898436, 10010),
(1514899336, 10010),
(1514906131, 10010),
(1514920781, 10010),
(1514921681, 10010),
(1514922786, 10010),
(1514923904, 10010),
(1514924961, 10010),
(1514925861, 10010),
(1514926761, 10010),
(1514967302, 10010),
(1514970892, 10010),
(1514971416, 10010),
(1515599366, 9430),
(1515600266, 9430),
(1515603866, 9430),
(1515608366, 9430),
(1515609266, 9430),
(1515610166, 9430),
(1515611066, 9430),
(1515612826, 9430),
(1515613337, 9430),
(1515613368, 9430),
(1515613620, 9430),
(1515614519, 9430),
(1515615446, 9430),
(1515617246, 9430),
(1515654826, 7420),
(1515664726, 8000),
(1515672826, 9430),
(1515698620, 7150),
(1515699520, 6570),
(1515700420, 6570),
(1515703120, 7150);

-- --------------------------------------------------------

--
-- Table structure for table `sensor19`
--

CREATE TABLE `sensor19` (
  `time` int(10) UNSIGNED NOT NULL,
  `speed` float(10,2) UNSIGNED DEFAULT NULL,
  `direction` smallint(5) UNSIGNED DEFAULT NULL
) ENGINE=InnoDB DEFAULT CHARSET=latin1;

--
-- Dumping data for table `sensor19`
--

INSERT INTO `sensor19` (`time`, `speed`, `direction`) VALUES
(1514029844, 6.52, 342),
(1514031477, 6.48, 342),
(1514032376, 6.32, 342),
(1514035076, 6.32, 342),
(1514044076, 6.32, 342),
(1514366312, 8.58, 198),
(1514368112, 8.58, 198),
(1514371712, 8.58, 198),
(1514375312, 8.58, 198),
(1514377112, 8.56, 198),
(1514378012, 8.60, 199),
(1514396605, 8.78, 199),
(1514400205, 8.85, 199),
(1514452399, 3.53, 241),
(1514467700, 3.92, 237),
(1514471694, 3.92, 237),
(1514482492, 4.08, 235),
(1514483391, 4.13, 235),
(1514550119, 2.80, 313),
(1514555519, 2.80, 313),
(1514558737, 2.80, 313),
(1514559071, 2.80, 313),
(1514722504, 1.23, 229),
(1514723403, 1.22, 229),
(1514725068, 1.22, 229),
(1514726857, 1.22, 229),
(1514881806, 3.90, 332),
(1514884505, 3.90, 332),
(1514896207, 3.90, 332),
(1514898033, 3.90, 332),
(1514898436, 3.90, 332),
(1514899336, 3.59, 333),
(1514906131, 3.59, 333),
(1514920781, 3.95, 336),
(1514921681, 3.96, 336),
(1514922786, 3.96, 336),
(1514923904, 3.96, 336),
(1514924961, 3.96, 336),
(1514925861, 3.88, 336),
(1514926761, 3.88, 336),
(1514967302, 4.64, 324),
(1514970892, 4.64, 324),
(1514971416, 4.64, 324),
(1515599366, 0.84, 23),
(1515600266, 0.84, 23),
(1515603866, 0.84, 23),
(1515608366, 1.04, 47),
(1515609266, 1.04, 47),
(1515610166, 1.04, 47),
(1515611066, 1.04, 47),
(1515612826, 1.04, 47),
(1515613337, 1.03, 46),
(1515613368, 1.03, 46),
(1515613620, 1.03, 46),
(1515614519, 1.03, 46),
(1515615446, 1.03, 46),
(1515617246, 0.98, 46),
(1515654826, 0.87, 144),
(1515664726, 0.87, 144),
(1515672826, 0.89, 154),
(1515698620, 0.51, 153),
(1515699520, 0.50, 153),
(1515700420, 0.50, 153),
(1515703120, 0.52, 151);

-- --------------------------------------------------------

--
-- Table structure for table `sensor20`
--

CREATE TABLE `sensor20` (
  `time` int(10) UNSIGNED NOT NULL,
  `cloudCoverage` tinyint(3) UNSIGNED DEFAULT NULL
) ENGINE=InnoDB DEFAULT CHARSET=latin1;

--
-- Dumping data for table `sensor20`
--

INSERT INTO `sensor20` (`time`, `cloudCoverage`) VALUES
(1514029844, 34),
(1514031477, 37),
(1514032376, 28),
(1514035076, 32),
(1514044076, 17),
(1514366312, 8),
(1514368112, 9),
(1514371712, 9),
(1514375312, 9),
(1514377112, 8),
(1514378012, 9),
(1514396605, 14),
(1514400205, 14),
(1514452399, 57),
(1514467700, 51),
(1514471694, 42),
(1514482492, 33),
(1514483391, 35),
(1514550119, 13),
(1514555519, 18),
(1514558737, 24),
(1514559071, 24),
(1514881806, 41),
(1514884505, 32),
(1514896207, 9),
(1514898033, 5),
(1514898436, 5),
(1514899336, 3),
(1514906131, 1),
(1514920781, 51),
(1514921681, 39),
(1514922786, 51),
(1514923904, 62),
(1514924961, 71),
(1514925861, 48),
(1514926761, 56),
(1514967302, 48),
(1514970892, 44),
(1514971416, 46),
(1515599366, 62),
(1515600266, 64),
(1515603866, 50),
(1515608366, 62),
(1515609266, 65),
(1515610166, 55),
(1515611066, 58),
(1515612826, 67),
(1515613337, 41),
(1515613368, 41),
(1515613620, 42),
(1515614519, 46),
(1515615446, 52),
(1515617246, 38),
(1515654826, 6),
(1515664726, 13),
(1515672826, 19),
(1515698620, 54),
(1515699520, 40),
(1515700420, 44),
(1515703120, 56);

-- --------------------------------------------------------

--
-- Table structure for table `sensor21`
--

CREATE TABLE `sensor21` (
  `time` int(10) UNSIGNED NOT NULL,
  `dewPoint` float(10,2) DEFAULT NULL
) ENGINE=InnoDB DEFAULT CHARSET=latin1;

--
-- Dumping data for table `sensor21`
--

INSERT INTO `sensor21` (`time`, `dewPoint`) VALUES
(1514029844, 134.00),
(1514031477, 153.00),
(1514032376, 93.00),
(1514035076, 118.00),
(1514044076, 14.00),
(1514366312, 952.00),
(1514368112, 922.00),
(1514371712, 880.00),
(1514375312, 888.00),
(1514377112, 841.00),
(1514378012, 903.00),
(1514396605, 963.00),
(1514400205, 882.00),
(1514452399, 925.00),
(1514467700, 1042.00),
(1514471694, 1039.00),
(1514482492, 1218.00),
(1514483391, 1217.00),
(1514550119, 676.00),
(1514555519, 608.00),
(1514558737, 639.00),
(1514559071, 636.00),
(1514722504, -241.00),
(1514723403, -228.00),
(1514725068, -309.00),
(1514726857, -280.00),
(1514881806, 909.00),
(1514884505, 849.00),
(1514896207, 557.00),
(1514898033, 462.00),
(1514898436, 462.00),
(1514899336, 463.00),
(1514906131, 434.00),
(1514920781, 658.00),
(1514921681, 746.00),
(1514922786, 756.00),
(1514923904, 756.00),
(1514924961, 750.00),
(1514925861, 699.00),
(1514926761, 709.00),
(1514967302, 657.00),
(1514970892, 661.00),
(1514971416, 649.00),
(1515599366, 831.00),
(1515600266, 841.00),
(1515603866, 897.00),
(1515608366, 844.00),
(1515609266, 849.00),
(1515610166, 824.00),
(1515611066, 827.00),
(1515612826, 834.00),
(1515613337, 816.00),
(1515613368, 817.00),
(1515613620, 817.00),
(1515614519, 817.00),
(1515615446, 821.00),
(1515617246, 815.00),
(1515654826, 871.00),
(1515664726, 1008.00),
(1515672826, 929.00),
(1515698620, 1046.00),
(1515699520, 1067.00),
(1515700420, 1059.00),
(1515703120, 1016.00);

-- --------------------------------------------------------

--
-- Table structure for table `sensor22`
--

CREATE TABLE `sensor22` (
  `time` int(10) UNSIGNED NOT NULL,
  `uv` smallint(5) UNSIGNED DEFAULT NULL
) ENGINE=InnoDB DEFAULT CHARSET=latin1;

--
-- Dumping data for table `sensor22`
--

INSERT INTO `sensor22` (`time`, `uv`) VALUES
(1514898436, 1),
(1514899336, 1),
(1514967302, 1),
(1514970892, 1),
(1514971416, 1),
(1515614519, 0),
(1515615446, 0),
(1515617246, 0),
(1515654826, 1),
(1515664726, 2),
(1515672826, 1),
(1515698620, 0),
(1515699520, 0),
(1515700420, 0),
(1515703120, 0);

-- --------------------------------------------------------

--
-- Table structure for table `sensor23`
--

CREATE TABLE `sensor23` (
  `time` int(10) UNSIGNED NOT NULL,
  `ozone` float(18,2) UNSIGNED DEFAULT NULL
) ENGINE=InnoDB DEFAULT CHARSET=latin1;

--
-- Dumping data for table `sensor23`
--

INSERT INTO `sensor23` (`time`, `ozone`) VALUES
(1514029844, 305.33),
(1514031477, 309.92),
(1514032376, 310.76),
(1514035076, 313.40),
(1514044076, 324.89),
(1514366312, 288.02),
(1514368112, 288.65),
(1514371712, 289.66),
(1514375312, 290.72),
(1514377112, 291.09),
(1514378012, 291.46),
(1514396605, 301.87),
(1514400205, 303.22),
(1514452399, 317.91),
(1514467700, 319.16),
(1514471694, 319.31),
(1514482492, 322.29),
(1514483391, 322.62),
(1514550119, 337.29),
(1514555519, 336.91),
(1514558737, 336.69),
(1514559071, 336.67),
(1514722504, 370.43),
(1514723403, 369.38),
(1514725068, 367.45),
(1514726857, 365.39),
(1514881806, 311.89),
(1514884505, 313.94),
(1514896207, 323.34),
(1514898033, 323.84),
(1514898436, 323.85),
(1514899336, 319.32),
(1514906131, 322.83),
(1514920781, 338.39),
(1514921681, 339.17),
(1514922786, 340.13),
(1514923904, 340.98),
(1514924961, 341.70),
(1514925861, 342.32),
(1514926761, 342.94),
(1514967302, 347.19),
(1514970892, 346.47),
(1514971416, 346.38),
(1515599366, 291.26),
(1515600266, 292.01),
(1515603866, 295.35),
(1515608366, 297.71),
(1515609266, 298.48),
(1515610166, 299.24),
(1515611066, 300.02),
(1515612826, 301.62),
(1515613337, 302.08),
(1515613368, 302.11),
(1515613620, 302.34),
(1515614519, 303.13),
(1515615446, 303.74),
(1515617246, 304.93),
(1515654826, 303.64),
(1515664726, 309.93),
(1515672826, 312.88),
(1515698620, 324.01),
(1515699520, 324.84),
(1515700420, 325.67),
(1515703120, 327.93);

-- --------------------------------------------------------

--
-- Table structure for table `sensor24`
--

CREATE TABLE `sensor24` (
  `time` int(10) UNSIGNED NOT NULL,
  `temperature` float(10,2) DEFAULT NULL
) ENGINE=InnoDB DEFAULT CHARSET=latin1;

--
-- Dumping data for table `sensor24`
--

INSERT INTO `sensor24` (`time`, `temperature`) VALUES
(1514549703, 13.30),
(1514550604, 13.30),
(1514551503, 12.70),
(1514552403, 12.80),
(1514553303, 13.30),
(1514554204, 13.60),
(1514555103, 13.30),
(1514556902, 13.30),
(1514557804, 13.00),
(1514558703, 13.20),
(1514560503, 13.50),
(1514561403, 13.40),
(1514711702, 8.70),
(1514712601, 9.10),
(1514713501, 9.50),
(1514714400, 9.60),
(1514715301, 10.20),
(1514716201, 10.70),
(1514717101, 10.40),
(1514718001, 10.70),
(1514718901, 10.80),
(1514719801, 10.80),
(1514720701, 10.70),
(1514721601, 10.80),
(1514722501, 11.40),
(1514724301, 11.70),
(1514725201, 11.70),
(1514726101, 11.70),
(1514727001, 11.60),
(1514881801, 10.40),
(1514882705, 10.20),
(1514883601, 11.40),
(1514884501, 12.10),
(1514885401, 11.40),
(1514887201, 12.10),
(1514888100, 12.00),
(1514889001, 10.70),
(1514889901, 10.20),
(1514890800, 10.80),
(1514891701, 12.00),
(1514892602, 13.80),
(1514893500, 14.60),
(1514894401, 14.70),
(1514895300, 12.90),
(1514896201, 12.50),
(1514898001, 13.20),
(1514898900, 13.80),
(1514899801, 14.40),
(1514906100, 12.30),
(1514920500, 12.60),
(1514921400, 11.70),
(1514922300, 11.40),
(1514923201, 11.70),
(1514924100, 12.00),
(1514925001, 11.90),
(1514925902, 12.30),
(1514926800, 12.50),
(1514927701, 12.30),
(1514967299, 10.40),
(1514968200, 10.70),
(1514969100, 11.10),
(1514970900, 11.20),
(1514971800, 11.30),
(1515590400, 10.00),
(1515592200, 10.00),
(1515594000, 10.00),
(1515595800, 10.00),
(1515597600, 10.00),
(1515599400, 10.00),
(1515601200, 10.00),
(1515603000, 10.00),
(1515604800, 10.00),
(1515606600, 10.00),
(1515608400, 10.00),
(1515610200, 10.00),
(1515612000, 10.00),
(1515613800, 9.00),
(1515615600, 9.00),
(1515617400, 9.00),
(1515653998, 9.40),
(1515654897, 9.40),
(1515655799, 9.80),
(1515656698, 10.30),
(1515657598, 10.10),
(1515658498, 10.40),
(1515659398, 10.10),
(1515660297, 9.90),
(1515661198, 10.10),
(1515662096, 9.40),
(1515662998, 9.60),
(1515664799, 10.10),
(1515666599, 10.60),
(1515668397, 10.90),
(1515669297, 11.30),
(1515671998, 12.40),
(1515672898, 12.70),
(1515673798, 12.40),
(1515674698, 11.80),
(1515675600, 11.00),
(1515676497, 11.50),
(1515677398, 11.80),
(1515698097, 10.90),
(1515699112, 9.20),
(1515699897, 10.00),
(1515700798, 9.80),
(1515701697, 9.90),
(1515702597, 9.90),
(1515702785, 9.70),
(1515704398, 10.10);

-- --------------------------------------------------------

--
-- Table structure for table `sensor25`
--

CREATE TABLE `sensor25` (
  `time` int(10) UNSIGNED NOT NULL,
  `humidity` tinyint(3) UNSIGNED DEFAULT NULL
) ENGINE=InnoDB DEFAULT CHARSET=latin1;

--
-- Dumping data for table `sensor25`
--

INSERT INTO `sensor25` (`time`, `humidity`) VALUES
(1514549703, 71),
(1514550604, 72),
(1514551503, 73),
(1514552403, 72),
(1514553303, 70),
(1514554204, 64),
(1514555103, 66),
(1514556902, 61),
(1514557804, 64),
(1514558703, 65),
(1514560503, 64),
(1514561403, 64),
(1514711702, 50),
(1514712601, 49),
(1514713501, 47),
(1514714400, 47),
(1514715301, 45),
(1514716201, 42),
(1514717101, 42),
(1514718001, 43),
(1514718901, 43),
(1514719801, 44),
(1514720701, 46),
(1514721601, 45),
(1514722501, 44),
(1514724301, 43),
(1514725201, 43),
(1514726101, 43),
(1514727001, 44),
(1514881801, 71),
(1514882705, 72),
(1514883601, 70),
(1514884501, 67),
(1514885401, 70),
(1514887201, 69),
(1514888100, 69),
(1514889001, 74),
(1514889901, 77),
(1514890800, 74),
(1514891701, 69),
(1514892602, 62),
(1514893500, 51),
(1514894401, 49),
(1514895300, 69),
(1514896201, 68),
(1514898001, 61),
(1514898900, 55),
(1514899801, 54),
(1514906100, 75),
(1514920500, 67),
(1514921400, 69),
(1514922300, 70),
(1514923201, 69),
(1514924100, 67),
(1514925001, 65),
(1514925902, 63),
(1514926800, 60),
(1514927701, 63),
(1514967299, 54),
(1514968200, 52),
(1514969100, 51),
(1514970900, 49),
(1514971800, 48),
(1515590400, 87),
(1515592200, 87),
(1515594000, 87),
(1515595800, 87),
(1515597600, 87),
(1515599400, 87),
(1515601200, 87),
(1515603000, 87),
(1515604800, 87),
(1515606600, 87),
(1515608400, 87),
(1515610200, 87),
(1515612000, 87),
(1515613800, 87),
(1515615600, 87),
(1515617400, 87),
(1515653998, 90),
(1515654897, 89),
(1515655799, 88),
(1515656698, 87),
(1515657598, 87),
(1515658498, 86),
(1515659398, 87),
(1515660297, 88),
(1515661198, 88),
(1515662096, 90),
(1515662998, 89),
(1515664799, 86),
(1515666599, 83),
(1515668397, 83),
(1515669297, 82),
(1515671998, 78),
(1515672898, 75),
(1515673798, 79),
(1515674698, 81),
(1515675600, 85),
(1515676497, 84),
(1515677398, 81),
(1515698097, 83),
(1515699112, 91),
(1515699897, 87),
(1515700798, 87),
(1515701697, 85),
(1515702597, 86),
(1515702785, 87),
(1515704398, 87);

-- --------------------------------------------------------

--
-- Table structure for table `sensor26`
--

CREATE TABLE `sensor26` (
  `time` int(10) UNSIGNED NOT NULL,
  `pressure` smallint(5) UNSIGNED DEFAULT NULL
) ENGINE=InnoDB DEFAULT CHARSET=latin1;

--
-- Dumping data for table `sensor26`
--

INSERT INTO `sensor26` (`time`, `pressure`) VALUES
(1514549703, 1005),
(1514550604, 1005),
(1514551503, 1005),
(1514552403, 1005),
(1514553303, 1005),
(1514554204, 1005),
(1514555103, 1005),
(1514556902, 1005),
(1514557804, 1006),
(1514558703, 1006),
(1514560503, 1006),
(1514561403, 1006),
(1514711702, 1021),
(1514712601, 1021),
(1514713501, 1021),
(1514714400, 1021),
(1514715301, 1021),
(1514716201, 1021),
(1514717101, 1021),
(1514718001, 1021),
(1514718901, 1021),
(1514719801, 1020),
(1514720701, 1020),
(1514721601, 1020),
(1514722501, 1020),
(1514724301, 1019),
(1514725201, 1019),
(1514726101, 1019),
(1514727001, 1019),
(1514881801, 1009),
(1514882705, 1009),
(1514883601, 1009),
(1514884501, 1009),
(1514885401, 1009),
(1514887201, 1009),
(1514888100, 1009),
(1514889001, 1008),
(1514889901, 1008),
(1514890800, 1009),
(1514891701, 1009),
(1514892602, 1008),
(1514893500, 1008),
(1514894401, 1008),
(1514895300, 1008),
(1514896201, 1008),
(1514898001, 1007),
(1514898900, 1007),
(1514899801, 1007),
(1514906100, 1007),
(1514920500, 1007),
(1514921400, 1007),
(1514922300, 1007),
(1514923201, 1007),
(1514924100, 1007),
(1514925001, 1007),
(1514925902, 1007),
(1514926800, 1007),
(1514927701, 1007),
(1514967299, 1012),
(1514968200, 1012),
(1514969100, 1012),
(1514970900, 1012),
(1514971800, 1012),
(1515590400, 1018),
(1515592200, 1018),
(1515594000, 1018),
(1515595800, 1018),
(1515597600, 1017),
(1515599400, 1017),
(1515601200, 1017),
(1515603000, 1017),
(1515604800, 1017),
(1515606600, 1017),
(1515608400, 1017),
(1515610200, 1017),
(1515612000, 1016),
(1515613800, 1016),
(1515615600, 1016),
(1515617400, 1015),
(1515653998, 1011),
(1515654897, 1011),
(1515655799, 1012),
(1515656698, 1012),
(1515657598, 1012),
(1515658498, 1012),
(1515659398, 1012),
(1515660297, 1012),
(1515661198, 1012),
(1515662096, 1012),
(1515662998, 1012),
(1515664799, 1012),
(1515666599, 1021),
(1515668397, 1011),
(1515669297, 1011),
(1515671998, 1011),
(1515672898, 1011),
(1515673798, 1010),
(1515674698, 1010),
(1515675600, 1010),
(1515676497, 1010),
(1515677398, 1010),
(1515698097, 1012),
(1515699112, 1012),
(1515699897, 1013),
(1515700798, 1013),
(1515701697, 1013),
(1515702597, 1013),
(1515702785, 1012),
(1515704398, 1013);

-- --------------------------------------------------------

--
-- Table structure for table `sensor27`
--

CREATE TABLE `sensor27` (
  `time` int(10) UNSIGNED NOT NULL,
  `visibility` smallint(5) UNSIGNED DEFAULT NULL
) ENGINE=InnoDB DEFAULT CHARSET=latin1;

--
-- Dumping data for table `sensor27`
--

INSERT INTO `sensor27` (`time`, `visibility`) VALUES
(1514549703, 10000),
(1514550604, 10000),
(1514551503, 10000),
(1514552403, 10000),
(1514553303, 10000),
(1514554204, 10000),
(1514555103, 10000),
(1514556902, 10000),
(1514557804, 10000),
(1514558703, 10000),
(1514560503, 10000),
(1514561403, 10000),
(1514881801, 10000),
(1514882705, 10000),
(1514920500, 10000),
(1514921400, 10000),
(1514922300, 10000),
(1514923201, 10000),
(1514924100, 10000),
(1514925001, 10000),
(1514925902, 10000),
(1514926800, 10000),
(1514927701, 10000),
(1514967299, 10000),
(1514968200, 10000),
(1514969100, 10000),
(1514970900, 10000),
(1514971800, 10000),
(1515590400, 2000),
(1515592200, 2500),
(1515594000, 2500),
(1515595800, 5000),
(1515597600, 5000),
(1515599400, 6000),
(1515601200, 6000),
(1515603000, 7000),
(1515604800, 7000),
(1515606600, 8000),
(1515608400, 8000),
(1515610200, 8000),
(1515612000, 8000),
(1515613800, 8000),
(1515615600, 8000),
(1515617400, 8000),
(1515653998, 2000),
(1515654897, 2000),
(1515655799, 2000),
(1515656698, 2000),
(1515657598, 3000),
(1515658498, 3000),
(1515659398, 4000),
(1515660297, 4000),
(1515661198, 4000),
(1515662096, 4000),
(1515662998, 4000),
(1515664799, 5000),
(1515666599, 5000),
(1515668397, 6000),
(1515669297, 6000),
(1515671998, 6000),
(1515672898, 6000),
(1515673798, 6000),
(1515674698, 6000),
(1515675600, 6000),
(1515676497, 6000),
(1515677398, 6000),
(1515698097, 6000),
(1515699112, 6000),
(1515699897, 6000),
(1515700798, 6000),
(1515701697, 6000),
(1515702597, 6000),
(1515702785, 6000),
(1515704398, 6000);

-- --------------------------------------------------------

--
-- Table structure for table `sensor28`
--

CREATE TABLE `sensor28` (
  `time` int(10) UNSIGNED NOT NULL,
  `speed` float(10,2) UNSIGNED DEFAULT NULL,
  `direction` smallint(5) UNSIGNED DEFAULT NULL
) ENGINE=InnoDB DEFAULT CHARSET=latin1;

--
-- Dumping data for table `sensor28`
--

INSERT INTO `sensor28` (`time`, `speed`, `direction`) VALUES
(1514549703, 0.89, 202),
(1514550604, 0.89, 216),
(1514551503, 0.89, 194),
(1514552403, 0.89, 189),
(1514553303, 0.44, 210),
(1514554204, 0.44, 196),
(1514555103, 0.44, 193),
(1514556902, 0.89, 200),
(1514557804, 0.89, 174),
(1514561403, 0.44, 115),
(1514711702, 1.33, 285),
(1514712601, 2.22, 304),
(1514713501, 1.33, 299),
(1514714400, 1.33, 290),
(1514715301, 1.33, 327),
(1514716201, 2.22, 335),
(1514717101, 3.58, 303),
(1514718001, 2.69, 296),
(1514718901, 2.69, 312),
(1514719801, 0.89, 288),
(1514720701, 0.89, 320),
(1514721601, 1.33, 289),
(1514722501, 0.89, 360),
(1514724301, 0.44, 282),
(1514725201, 1.33, 283),
(1514726101, 1.33, 312),
(1514727001, 1.33, 290),
(1514882705, 0.44, 176),
(1514883601, 0.44, 29),
(1514884501, 2.69, 221),
(1514885401, 0.44, 263),
(1514887201, 3.14, 179),
(1514888100, 0.89, 188),
(1514889001, 2.22, 191),
(1514889901, 3.14, 186),
(1514890800, 0.89, 162),
(1514891701, 0.44, 131),
(1514892602, 0.89, 104),
(1514893500, 0.44, 77),
(1514894401, 0.44, 133),
(1514895300, 0.89, 220),
(1514896201, 0.89, 193),
(1514898001, 0.44, 179),
(1514906100, 0.44, 203),
(1514920500, 0.44, 21),
(1514921400, 0.44, 113),
(1514922300, 0.44, 113),
(1514925001, 0.44, 272),
(1514926800, 0.89, 19),
(1514927701, 0.89, 89),
(1514967299, 1.33, 352),
(1514968200, 3.58, 332),
(1514969100, 2.22, 328),
(1514970900, 4.03, 299),
(1514971800, 3.58, 328),
(1515590400, 1.67, 300),
(1515595800, 2.50, 280),
(1515597600, 2.50, 310),
(1515599400, 3.06, 290),
(1515601200, 1.94, 300),
(1515604800, 2.50, 300),
(1515606600, 2.50, 310),
(1515608400, 2.50, 310),
(1515610200, 1.94, 320),
(1515613800, 0.56, 0),
(1515615600, 1.11, 0),
(1515617400, 1.67, 0),
(1515653998, 0.44, 232),
(1515654897, 0.89, 218),
(1515655799, 0.89, 253),
(1515656698, 0.44, 285),
(1515657598, 0.89, 4),
(1515658498, 0.89, 140),
(1515659398, 0.44, 126),
(1515660297, 0.89, 205),
(1515661198, 0.89, 218),
(1515662096, 0.89, 195),
(1515662998, 1.33, 192),
(1515664799, 0.44, 228),
(1515666599, 0.89, 184),
(1515668397, 0.44, 70),
(1515669297, 0.89, 67),
(1515671998, 0.44, 293),
(1515672898, 0.44, 255),
(1515673798, 0.44, 225),
(1515674698, 0.89, 225),
(1515675600, 0.89, 197),
(1515676497, 0.44, 213),
(1515677398, 0.89, 214),
(1515698097, 0.44, 254),
(1515699112, 0.81, 110),
(1515699897, 0.89, 136),
(1515700798, 0.89, 145),
(1515701697, 0.44, 196),
(1515702597, 0.44, 212),
(1515702785, 0.00, 232),
(1515704398, 0.44, 140);

-- --------------------------------------------------------

--
-- Table structure for table `sensor29`
--

CREATE TABLE `sensor29` (
  `time` int(10) UNSIGNED NOT NULL,
  `dewPoint` float(10,2) DEFAULT NULL
) ENGINE=InnoDB DEFAULT CHARSET=latin1;

--
-- Dumping data for table `sensor29`
--

INSERT INTO `sensor29` (`time`, `dewPoint`) VALUES
(1514549703, 8.00),
(1514550604, 8.00),
(1514551503, 8.00),
(1514552403, 8.00),
(1514553303, 8.00),
(1514554204, 7.00),
(1514555103, 7.00),
(1514556902, 6.00),
(1514557804, 6.00),
(1514558703, 7.00),
(1514560503, 7.00),
(1514561403, 7.00),
(1514711702, -1.00),
(1514712601, -1.00),
(1514713501, -1.00),
(1514714400, -1.00),
(1514715301, -1.00),
(1514716201, -2.00),
(1514717101, -2.00),
(1514718001, -1.00),
(1514718901, -1.00),
(1514719801, -1.00),
(1514721601, -1.00),
(1514881801, 5.00),
(1514882705, 5.00),
(1514883601, 6.00),
(1514884501, 6.00),
(1514885401, 6.00),
(1514887201, 7.00),
(1514888100, 7.00),
(1514889001, 6.00),
(1514889901, 6.00),
(1514890800, 6.00),
(1514891701, 6.00),
(1514892602, 7.00),
(1514893500, 4.00),
(1514894401, 4.00),
(1514895300, 7.00),
(1514896201, 7.00),
(1514898001, 6.00),
(1514898900, 5.00),
(1514899801, 5.00),
(1514906100, 8.00),
(1514920500, 7.00),
(1514921400, 6.00),
(1514922300, 6.00),
(1514923201, 6.00),
(1514924100, 6.00),
(1514925001, 6.00),
(1514925902, 5.00),
(1514926800, 5.00),
(1514927701, 6.00),
(1514967299, 2.00),
(1514968200, 1.00),
(1514969100, 1.00),
(1514970900, 1.00),
(1514971800, 1.00),
(1515590400, 8.00),
(1515592200, 8.00),
(1515594000, 8.00),
(1515595800, 8.00),
(1515597600, 8.00),
(1515599400, 8.00),
(1515601200, 8.00),
(1515603000, 8.00),
(1515604800, 8.00),
(1515606600, 8.00),
(1515608400, 8.00),
(1515610200, 8.00),
(1515612000, 8.00),
(1515613800, 7.00),
(1515615600, 7.00),
(1515617400, 7.00),
(1515653998, 8.00),
(1515654897, 8.00),
(1515655799, 8.00),
(1515656698, 8.00),
(1515657598, 8.00),
(1515658498, 8.00),
(1515659398, 8.00),
(1515660297, 8.00),
(1515661198, 8.00),
(1515662096, 8.00),
(1515662998, 8.00),
(1515664799, 8.00),
(1515666599, 8.00),
(1515668397, 8.00),
(1515669297, 8.00),
(1515671998, 9.00),
(1515672898, 8.00),
(1515673798, 9.00),
(1515674698, 9.00),
(1515675600, 9.00),
(1515676497, 9.00),
(1515677398, 9.00),
(1515698097, 8.00),
(1515699112, 8.00),
(1515699897, 8.00),
(1515700798, 8.00),
(1515701697, 8.00),
(1515702597, 8.00),
(1515702785, 8.00),
(1515704398, 8.00);

-- --------------------------------------------------------

--
-- Table structure for table `sensor30`
--

CREATE TABLE `sensor30` (
  `time` int(10) UNSIGNED NOT NULL,
  `solarRad` smallint(5) UNSIGNED DEFAULT NULL
) ENGINE=InnoDB DEFAULT CHARSET=latin1;

--
-- Dumping data for table `sensor30`
--

INSERT INTO `sensor30` (`time`, `solarRad`) VALUES
(1514549703, 366),
(1514550604, 179),
(1514551503, 121),
(1514552403, 146),
(1514553303, 116),
(1514554204, 200),
(1514555103, 60),
(1514556902, 51),
(1514557804, 42),
(1514558703, 25),
(1514711702, 364),
(1514712601, 378),
(1514713501, 394),
(1514714400, 374),
(1514715301, 366),
(1514716201, 396),
(1514717101, 397),
(1514718001, 394),
(1514718901, 388),
(1514719801, 213),
(1514720701, 346),
(1514721601, 369),
(1514722501, 218),
(1514724301, 216),
(1514725201, 221),
(1514726101, 192),
(1514727001, 77),
(1514881801, 285),
(1514882705, 313),
(1514883601, 336),
(1514884501, 355),
(1514885401, 369),
(1514887201, 390),
(1514888100, 396),
(1514889001, 397),
(1514889901, 392),
(1514890800, 394),
(1514891701, 397),
(1514892602, 380),
(1514893500, 371),
(1514894401, 355),
(1514895300, 292),
(1514896201, 250),
(1514898001, 202),
(1514898900, 179),
(1514899801, 160),
(1514967299, 264),
(1514968200, 294),
(1514969100, 318),
(1514970900, 360),
(1514971800, 376),
(1515653998, 58),
(1515654897, 35),
(1515655799, 70),
(1515656698, 74),
(1515657598, 76),
(1515658498, 91),
(1515659398, 141),
(1515660297, 128),
(1515661198, 255),
(1515662096, 232),
(1515662998, 162),
(1515664799, 142),
(1515666599, 181),
(1515668397, 223),
(1515669297, 251),
(1515671998, 188),
(1515672898, 156),
(1515673798, 109),
(1515674698, 153),
(1515675600, 102),
(1515676497, 232),
(1515677398, 197),
(1515698097, 0),
(1515699112, 0),
(1515699897, 0),
(1515700798, 0),
(1515701697, 0),
(1515702597, 0),
(1515702785, 0),
(1515704398, 0);

-- --------------------------------------------------------

--
-- Table structure for table `sensor31`
--

CREATE TABLE `sensor31` (
  `time` int(10) UNSIGNED NOT NULL,
  `uv` smallint(5) UNSIGNED DEFAULT NULL
) ENGINE=InnoDB DEFAULT CHARSET=latin1;

--
-- Dumping data for table `sensor31`
--

INSERT INTO `sensor31` (`time`, `uv`) VALUES
(1514967299, 1),
(1514968200, 1),
(1514969100, 1),
(1514970900, 1),
(1514971800, 1),
(1515590400, 1),
(1515615600, 0),
(1515617400, 0),
(1515653998, 0),
(1515654897, 0),
(1515655799, 0),
(1515656698, 0),
(1515657598, 0),
(1515658498, 0),
(1515659398, 1),
(1515660297, 1),
(1515661198, 1),
(1515662096, 1),
(1515662998, 1),
(1515664799, 1),
(1515666599, 1),
(1515668397, 1),
(1515669297, 1),
(1515671998, 1),
(1515672898, 1),
(1515673798, 1),
(1515674698, 1),
(1515675600, 0),
(1515676497, 0),
(1515677398, 0),
(1515698097, 0),
(1515699112, 0),
(1515699897, 0),
(1515700798, 0),
(1515701697, 0),
(1515702597, 0),
(1515702785, 0),
(1515704398, 0);

--
-- Indexes for dumped tables
--

--
-- Indexes for table `sensor1`
--
ALTER TABLE `sensor1`
  ADD PRIMARY KEY (`time`);

--
-- Indexes for table `sensor2`
--
ALTER TABLE `sensor2`
  ADD PRIMARY KEY (`time`);

--
-- Indexes for table `sensor3`
--
ALTER TABLE `sensor3`
  ADD PRIMARY KEY (`time`);

--
-- Indexes for table `sensor4`
--
ALTER TABLE `sensor4`
  ADD PRIMARY KEY (`time`);

--
-- Indexes for table `sensor5`
--
ALTER TABLE `sensor5`
  ADD PRIMARY KEY (`time`);

--
-- Indexes for table `sensor6`
--
ALTER TABLE `sensor6`
  ADD PRIMARY KEY (`time`);

--
-- Indexes for table `sensor7`
--
ALTER TABLE `sensor7`
  ADD PRIMARY KEY (`time`);

--
-- Indexes for table `sensor8`
--
ALTER TABLE `sensor8`
  ADD PRIMARY KEY (`time`);

--
-- Indexes for table `sensor9`
--
ALTER TABLE `sensor9`
  ADD PRIMARY KEY (`time`);

--
-- Indexes for table `sensor10`
--
ALTER TABLE `sensor10`
  ADD PRIMARY KEY (`time`);

--
-- Indexes for table `sensor11`
--
ALTER TABLE `sensor11`
  ADD PRIMARY KEY (`time`);

--
-- Indexes for table `sensor12`
--
ALTER TABLE `sensor12`
  ADD PRIMARY KEY (`time`);

--
-- Indexes for table `sensor13`
--
ALTER TABLE `sensor13`
  ADD PRIMARY KEY (`time`);

--
-- Indexes for table `sensor14`
--
ALTER TABLE `sensor14`
  ADD PRIMARY KEY (`time`);

--
-- Indexes for table `sensor15`
--
ALTER TABLE `sensor15`
  ADD PRIMARY KEY (`time`);

--
-- Indexes for table `sensor16`
--
ALTER TABLE `sensor16`
  ADD PRIMARY KEY (`time`);

--
-- Indexes for table `sensor17`
--
ALTER TABLE `sensor17`
  ADD PRIMARY KEY (`time`);

--
-- Indexes for table `sensor18`
--
ALTER TABLE `sensor18`
  ADD PRIMARY KEY (`time`);

--
-- Indexes for table `sensor19`
--
ALTER TABLE `sensor19`
  ADD PRIMARY KEY (`time`);

--
-- Indexes for table `sensor20`
--
ALTER TABLE `sensor20`
  ADD PRIMARY KEY (`time`);

--
-- Indexes for table `sensor21`
--
ALTER TABLE `sensor21`
  ADD PRIMARY KEY (`time`);

--
-- Indexes for table `sensor22`
--
ALTER TABLE `sensor22`
  ADD PRIMARY KEY (`time`);

--
-- Indexes for table `sensor23`
--
ALTER TABLE `sensor23`
  ADD PRIMARY KEY (`time`);

--
-- Indexes for table `sensor24`
--
ALTER TABLE `sensor24`
  ADD PRIMARY KEY (`time`);

--
-- Indexes for table `sensor25`
--
ALTER TABLE `sensor25`
  ADD PRIMARY KEY (`time`);

--
-- Indexes for table `sensor26`
--
ALTER TABLE `sensor26`
  ADD PRIMARY KEY (`time`);

--
-- Indexes for table `sensor27`
--
ALTER TABLE `sensor27`
  ADD PRIMARY KEY (`time`);

--
-- Indexes for table `sensor28`
--
ALTER TABLE `sensor28`
  ADD PRIMARY KEY (`time`);

--
-- Indexes for table `sensor29`
--
ALTER TABLE `sensor29`
  ADD PRIMARY KEY (`time`);

--
-- Indexes for table `sensor30`
--
ALTER TABLE `sensor30`
  ADD PRIMARY KEY (`time`);

--
-- Indexes for table `sensor31`
--
ALTER TABLE `sensor31`
  ADD PRIMARY KEY (`time`);

/*!40101 SET CHARACTER_SET_CLIENT=@OLD_CHARACTER_SET_CLIENT */;
/*!40101 SET CHARACTER_SET_RESULTS=@OLD_CHARACTER_SET_RESULTS */;
/*!40101 SET COLLATION_CONNECTION=@OLD_COLLATION_CONNECTION */;
